Season,Team,TG,W,L,ERA,G,GS,QS,CG,ShO,SV,HLD,BS,IP,TBF,H,R,ER,HR,BB,IBB,HBP,WP,BK,SO
2018,"HOU",162,103,59,3.111340719392349,672,162,97,3,2,46,105,21,1455,5913,1164,534,503,152,435,4,66,67,4,1687
2019,"HOU",162,107,55,3.66195735147548,654,162,89,2,1,47,97,20,1462.1,5995,1205,640,595,230,448,0,41,41,8,1671
2018,"NYY",162,100,62,3.7759223939624422,670,162,67,2,2,49,76,17,1456.1,6141,1311,669,611,177,494,9,58,73,4,1634
2019,"BOS",162,84,78,4.6988490941637515,794,162,55,1,1,33,82,28,1471,6399,1423,828,768,215,605,22,76,81,6,1633
2019,"TBR",162,96,66,3.674881534323301,765,162,53,0,0,46,116,24,1474.1,6086,1274,656,602,181,453,27,60,59,7,1621
2021,"MIL",162,95,67,3.4972159306222634,695,162,70,2,1,44,77,27,1436,5989,1156,623,558,168,537,19,77,60,9,1618
2017,"CLE",162,102,60,3.304718569357545,659,162,84,7,3,37,87,10,1440.2,5866,1267,564,529,163,406,15,45,48,1,1614
2021,"LAD",162,106,56,3.0309894921424942,762,162,74,1,0,56,103,26,1452,5948,1107,561,489,161,486,43,63,52,9,1599
2017,"HOU",162,101,61,4.120329720868118,681,162,67,1,0,45,91,21,1446,6111,1314,700,662,192,522,17,70,86,4,1593
2021,"CHW",162,93,69,3.7261267074418676,674,162,57,4,3,43,86,25,1403.1,5861,1205,636,581,182,485,16,51,84,6,1588
2017,"BOS",162,93,69,3.733979745448929,677,162,88,5,1,39,83,18,1482.1,6217,1384,668,615,195,465,18,49,43,3,1580
2021,"NYY",162,92,70,3.7621947928651363,674,162,51,3,2,47,80,26,1435.1,5999,1243,669,600,196,492,10,56,85,8,1569
2018,"LAD",163,92,71,3.396342559335485,756,163,79,0,0,48,89,26,1476,6096,1279,610,557,179,422,39,61,39,10,1565
2022,"NYM",162,101,61,3.5845698474677747,645,162,72,0,0,41,76,15,1438.2,5950,1274,606,573,169,428,13,71,35,2,1565
2017,"NYY",162,91,71,3.746205701846793,639,162,75,2,1,36,70,23,1448.2,6078,1248,660,603,192,504,18,53,83,4,1560
2018,"BOS",162,108,54,3.751372947706484,697,162,67,2,0,46,106,20,1458.2,6166,1305,647,608,176,512,8,84,51,3,1558
2022,"ATL",162,101,61,3.4558026707477003,680,162,69,1,1,55,114,28,1448,6031,1224,609,556,148,500,21,62,55,4,1554
2019,"CIN",162,75,87,4.180805905131178,697,162,65,0,0,46,85,23,1438,6057,1270,711,668,214,536,31,58,35,8,1552
2017,"LAD",162,104,58,3.382786197846907,698,162,68,2,0,51,97,16,1444.2,5925,1226,580,543,184,442,33,40,40,10,1549
2018,"CLE",162,91,71,3.773330322102286,670,162,98,5,2,41,76,17,1457.1,6071,1349,648,611,200,407,29,59,54,2,1544
2019,"NYY",162,103,59,4.309771702304724,707,162,53,1,1,50,101,25,1443,6133,1374,739,691,248,507,12,44,55,5,1534
2022,"MIL",162,86,76,3.8277998690541146,710,162,63,0,0,52,103,29,1446,6057,1238,688,615,190,521,12,67,47,4,1530
2021,"BOS",162,92,70,4.274842682455479,725,162,39,0,0,49,93,25,1419,6147,1409,749,674,176,546,31,79,63,6,1527
2021,"CIN",162,83,79,4.41110821838164,741,162,68,1,1,41,73,25,1434.1,6199,1330,760,703,206,617,30,64,62,8,1524
2022,"HOU",162,106,56,2.895528729687411,642,162,94,3,1,53,102,16,1445.1,5856,1121,518,465,134,458,6,60,56,6,1524
2019,"NYM",162,86,76,4.250514515625187,664,162,83,3,3,38,59,27,1461,6232,1405,737,690,204,500,40,60,47,2,1520
2019,"LAD",162,106,56,3.3928998706471405,707,162,80,3,1,44,74,28,1445.2,5913,1201,613,545,185,392,24,66,40,7,1519
2021,"SDP",162,79,83,4.097205054374808,786,162,42,2,2,43,81,23,1430,6056,1277,708,651,205,516,33,87,57,2,1517
2019,"WSN",162,93,69,4.276981424282366,692,162,87,1,1,40,94,29,1439.1,6134,1340,724,684,202,517,41,61,53,5,1511
2016,"LAD",162,91,71,3.7040608910360304,768,162,60,3,3,47,100,22,1453,6014,1266,638,598,165,464,51,53,58,5,1510
2019,"CLE",162,93,69,3.793646019115658,684,162,81,6,5,42,77,16,1437.2,6008,1308,657,606,207,450,19,62,42,2,1508
2019,"MIL",162,89,73,4.403378133079261,750,162,34,0,0,50,104,27,1459.1,6251,1364,766,714,225,570,28,60,41,3,1497
2017,"ARI",162,93,69,3.672452173263587,675,162,82,2,1,43,92,19,1441,6072,1309,659,588,171,516,45,38,82,5,1482
2021,"PHI",162,82,80,4.390036365517036,687,162,58,5,4,36,68,34,1418.2,6055,1321,745,692,200,509,37,75,49,5,1480
2021,"TBR",162,100,62,3.6725462332210994,693,162,33,1,0,42,85,22,1455.2,5998,1264,651,594,184,436,27,55,64,6,1478
2016,"WSN",162,95,67,3.520666902100092,670,162,92,1,0,46,91,14,1459.2,6036,1272,612,571,155,468,43,57,47,4,1476
2019,"SDP",162,70,92,4.6319818426262245,705,162,49,0,0,47,96,25,1432,6160,1394,789,737,215,463,19,68,60,6,1475
2021,"TOR",162,91,71,3.906545429706364,698,162,68,1,1,34,58,18,1405.1,5916,1257,663,610,209,473,10,75,54,4,1468
2018,"PHI",162,80,82,4.146183281319388,758,162,71,0,0,44,104,20,1445.2,6138,1366,728,666,171,500,35,60,81,7,1465
2022,"LAD",162,111,51,2.79673913346031,725,162,68,1,1,43,90,18,1451.1,5865,1114,513,451,152,407,13,75,38,3,1465
2019,"MIN",162,101,61,4.182233187662597,686,162,67,1,0,50,102,22,1463.1,6246,1456,754,680,198,452,10,61,71,5,1463
2022,"NYY",162,99,63,3.3044773027480936,669,162,68,1,1,47,80,21,1451.2,5938,1177,567,533,157,444,10,65,40,5,1459
2017,"WSN",162,97,65,3.8820284756716372,649,162,99,3,1,46,88,17,1446.2,6068,1300,672,624,189,495,39,60,44,5,1457
2021,"HOU",162,95,67,3.7993069460844553,674,162,66,2,0,34,68,27,1445,6060,1231,658,610,187,549,12,70,72,4,1456
2021,"LAA",162,77,85,4.690974789619303,724,162,45,1,0,39,68,25,1421.2,6196,1373,804,741,188,592,18,76,56,11,1453
2021,"NYM",162,77,85,3.895360551149678,705,162,51,2,1,41,72,27,1379.1,5785,1221,668,597,190,475,21,70,53,1,1453
2022,"SDP",162,89,73,3.809931035224342,649,162,84,0,0,48,70,22,1443.1,6047,1263,660,611,173,468,6,88,54,5,1451
2014,"CLE",162,85,77,3.57343912288582,735,162,78,6,4,40,76,22,1468.1,6193,1398,653,583,135,464,51,58,56,2,1450
2022,"CHW",162,81,81,3.9352983538104063,711,162,67,2,1,48,102,22,1447.2,6145,1330,717,633,166,533,15,51,64,6,1450
2018,"ARI",162,82,80,3.7279563308206223,735,162,78,2,1,39,111,27,1463,6139,1313,644,606,174,522,43,57,69,5,1448
2018,"NYM",162,77,85,4.072800098189618,663,162,80,3,1,41,65,17,1460.2,6178,1364,707,661,185,484,32,71,26,2,1446
2019,"CHC",162,84,78,4.100551617157537,738,162,69,1,1,38,71,28,1442,6190,1376,717,657,195,534,16,80,60,1,1444
2019,"PIT",162,69,93,5.187499106006799,712,162,56,1,0,31,57,24,1440,6391,1511,911,830,241,584,22,85,50,4,1443
2016,"CHC",162,103,58,3.1507197062456793,665,162,100,5,2,38,74,15,1459.2,5933,1125,556,511,163,495,24,63,80,0,1441
2017,"CHC",162,92,70,3.954858411446805,693,162,77,2,1,38,90,19,1447.1,6108,1294,695,636,194,554,29,66,73,4,1439
2014,"TBR",162,77,85,3.5602365898355113,656,162,84,3,1,37,75,19,1463.2,6131,1292,625,579,145,482,27,58,65,3,1437
2022,"MIA",162,69,93,3.8696652961643423,694,162,64,6,1,41,73,29,1437.1,6056,1311,676,618,173,511,19,76,54,3,1437
2015,"CHC",162,97,65,3.362681956419313,714,162,81,6,4,48,89,19,1461.1,5997,1276,608,546,134,407,38,46,66,3,1431
2013,"DET",162,93,69,3.611895912229151,590,162,108,3,1,39,68,16,1462.2,6119,1369,624,587,128,462,29,42,63,7,1428
2018,"MIL",163,96,67,3.7330584222381265,722,163,51,0,0,49,92,25,1461,6114,1259,659,606,173,553,34,61,50,5,1428
2019,"ARI",162,85,77,4.245054102339878,719,162,67,0,0,45,90,24,1465,6230,1400,743,691,220,516,38,62,49,4,1427
2021,"SFG",162,107,55,3.2474231235418296,761,162,63,2,2,56,108,28,1455,6002,1254,594,525,151,416,20,63,44,7,1425
2018,"ATL",162,90,72,3.7503424753322663,715,162,70,2,1,40,97,20,1456.2,6155,1236,657,607,153,635,43,52,61,8,1423
2022,"PHI",162,87,75,3.975962562939083,678,162,75,3,1,42,87,18,1428.1,6006,1330,685,631,150,463,16,68,47,3,1423
2018,"TBR",162,90,72,3.7470644114646716,715,162,39,0,0,52,113,21,1448.1,5992,1236,646,603,164,501,34,53,55,6,1421
2018,"WSN",162,82,80,4.039417829515081,724,162,74,2,1,40,82,14,1446,6087,1320,682,649,198,487,37,76,42,6,1417
2021,"ATL",161,88,73,3.8917751013611266,742,161,67,2,2,40,112,25,1410.2,5944,1237,656,610,183,516,34,66,73,8,1417
2022,"CIN",162,62,100,4.86253007585465,736,162,51,1,1,31,59,21,1423.1,6220,1366,815,769,213,612,21,110,58,5,1414
2018,"COL",163,91,72,4.331653186564197,681,163,84,0,0,51,105,27,1452.1,6154,1377,745,699,184,525,24,52,70,8,1409
2015,"CLE",161,81,80,3.681246582304092,637,161,91,11,1,38,61,12,1432.2,5904,1274,640,586,161,425,27,48,48,5,1407
2003,"CHC",162,88,74,3.82535991327932,582,162,100,13,6,36,62,15,1456.1,6227,1304,683,619,143,617,36,71,63,3,1404
2019,"LAA",162,72,90,5.115527794441177,751,162,22,0,0,32,72,14,1442.2,6289,1417,868,820,267,576,11,82,98,9,1404
2012,"MIL",162,83,79,4.222427052313732,674,162,85,0,0,44,81,29,1453.2,6245,1458,733,682,169,525,20,31,57,5,1402
2018,"SDP",162,66,96,4.41043256574626,697,162,47,0,0,36,83,17,1457,6254,1430,767,714,185,519,28,68,52,4,1399
2019,"STL",162,91,71,3.8206371281816787,704,162,76,1,1,52,97,21,1444,6068,1284,662,613,191,545,41,69,46,4,1399
2016,"CLE",161,94,67,3.855364680547443,665,161,81,5,3,37,54,11,1445,6033,1330,676,619,186,461,34,34,49,7,1398
2015,"LAD",162,92,70,3.455154054140746,677,162,95,6,3,47,87,21,1445.2,5932,1317,595,555,145,395,32,38,52,10,1396
2016,"HOU",162,84,78,4.064713114177654,662,162,77,2,1,44,102,20,1468,6180,1441,701,663,181,453,19,39,98,2,1396
2016,"NYM",162,87,75,3.5825855136911784,700,162,87,1,1,55,100,16,1447,6067,1398,617,576,152,439,39,35,50,7,1396
2015,"SDP",162,74,88,4.092803373440219,678,162,90,1,0,41,63,17,1440.1,6093,1371,731,655,171,516,35,54,54,3,1393
2016,"NYY",162,84,78,4.164991812593218,645,162,70,0,0,48,80,16,1428.1,6023,1358,702,661,214,444,15,57,52,2,1393
2019,"ATL",162,97,65,4.200135821722686,737,162,76,1,0,44,106,22,1450.2,6243,1421,743,677,203,548,33,69,70,3,1393
2019,"PHI",162,81,81,4.531987185780213,726,162,58,3,1,36,94,19,1453.2,6274,1452,794,732,258,546,38,71,45,7,1392
2021,"CLE",162,80,82,4.340199738389176,697,162,58,0,0,39,65,19,1408,5968,1281,727,679,216,522,12,59,52,8,1391
2022,"SEA",162,90,72,3.5888036707872395,698,162,79,0,0,40,91,15,1447,5986,1277,623,577,186,447,24,56,45,0,1391
2022,"CLE",162,92,70,3.473901702235523,669,162,75,1,0,51,61,17,1456,5989,1252,634,562,172,435,14,57,49,2,1390
2022,"TOR",162,92,70,3.8901473687102515,746,162,73,0,0,46,91,23,1441.1,6053,1356,679,623,180,424,15,76,29,5,1390
2018,"LAA",162,80,82,4.151440026295796,763,162,53,1,1,35,86,26,1437.1,6108,1353,722,663,205,546,17,65,87,3,1386
2012,"PHI",162,81,81,3.8571429368751695,602,162,99,5,4,42,78,19,1451.1,6072,1387,680,622,178,409,33,44,30,3,1385
2022,"TBR",162,86,76,3.4102633207968704,734,162,52,0,0,44,106,33,1435.2,5930,1260,614,544,172,384,15,66,54,4,1384
2012,"TBR",162,90,72,3.193880754893375,634,162,90,7,4,50,77,8,1459.2,6000,1233,577,518,139,469,35,54,59,4,1383
2022,"LAA",162,73,89,3.7863939268507276,652,162,53,2,2,38,78,28,1435.2,6038,1241,668,604,168,540,23,60,64,3,1383
2022,"CHC",162,74,88,4.027245223309598,690,162,48,0,0,44,57,30,1443.2,6162,1342,731,646,207,540,19,73,53,8,1383
2021,"MIA",162,67,95,3.9561822147550587,757,162,49,1,0,33,71,24,1415,6027,1282,701,622,162,529,43,88,58,2,1381
2013,"CLE",162,92,70,3.8152196397930864,702,162,73,3,3,38,78,22,1441.1,6154,1359,662,611,147,554,26,58,71,3,1379
2016,"MIA",161,79,82,4.051569711352381,720,161,63,0,0,55,97,29,1435,6164,1358,682,646,152,595,62,61,66,3,1379
2019,"TEX",162,78,84,5.08832018267748,661,162,55,4,1,33,58,14,1438,6354,1515,878,813,241,583,11,70,68,3,1379
2019,"MIA",162,57,105,4.73575235080631,701,162,60,2,2,27,55,22,1444.1,6247,1340,808,760,236,615,52,90,71,6,1378
2018,"MIN",162,78,84,4.502081215986927,728,162,58,2,1,37,83,28,1443.1,6287,1425,775,722,198,573,34,80,59,0,1377
2017,"NYM",162,70,92,5.012313808756303,730,162,62,2,0,34,73,20,1434.2,6378,1538,863,799,220,593,51,55,55,5,1374
2014,"LAD",162,94,68,3.4041884251292376,658,162,100,7,3,47,89,14,1464.2,6075,1338,617,554,142,429,35,41,64,4,1373
2017,"TOR",162,76,86,4.423208718233887,740,162,69,2,0,45,79,26,1465,6316,1460,784,720,203,549,25,48,53,4,1372
2014,"NYY",162,84,78,3.747420210062478,637,162,83,5,2,48,85,21,1453,6114,1392,664,605,164,398,23,65,49,6,1370
2015,"NYY",162,87,75,4.031787645610112,659,162,72,3,0,48,80,12,1457.2,6191,1416,698,653,182,474,16,56,78,4,1370
2022,"SFG",162,81,81,3.86252538662745,738,162,55,1,0,39,74,20,1433,6070,1397,697,615,132,441,16,52,53,2,1370
2019,"DET",161,47,114,5.256806769619226,738,161,40,0,0,31,65,25,1433,6341,1555,915,837,250,536,24,69,66,7,1368
2019,"SFG",162,77,85,4.380529593478759,749,162,51,1,0,41,86,22,1469,6256,1395,773,715,227,519,26,65,53,4,1368
2016,"BOS",162,93,69,4.000923967157678,625,162,87,9,1,43,81,18,1439.2,6073,1341,694,640,176,490,16,65,52,0,1362
2015,"CHW",162,76,86,3.9837075699651523,576,162,98,7,4,37,61,15,1452.2,6181,1443,701,643,162,474,34,62,61,2,1359
2021,"CHC",162,71,91,4.880133556228812,761,162,43,1,0,40,73,17,1412.2,6202,1386,839,766,235,596,25,98,60,4,1358
2016,"TBR",162,68,94,4.196075224084754,647,162,74,1,1,42,75,18,1426.1,6076,1395,713,665,210,491,25,32,61,7,1357
2015,"TBR",162,80,82,3.740369045441319,692,162,68,1,1,60,113,27,1453.1,6069,1314,642,604,175,477,23,46,81,5,1355
2017,"TBR",162,80,82,3.9861619974093085,673,162,73,0,0,53,93,22,1445,6099,1324,704,640,193,503,37,48,83,4,1352
2017,"STL",162,83,79,4.01494032362206,708,162,79,3,3,43,90,17,1450.1,6153,1393,705,647,183,493,50,67,38,0,1351
2004,"CHC",162,89,73,3.826431355891177,622,162,95,3,2,42,68,24,1465.1,6262,1363,665,623,169,545,33,76,50,9,1346
2017,"MIL",162,86,76,3.996775186343777,712,162,65,1,0,54,101,25,1445.2,6164,1381,697,642,185,553,45,64,50,2,1346
2021,"WSN",162,65,97,4.821655631411101,731,162,50,1,0,36,92,34,1394.1,6073,1364,820,747,247,548,46,71,43,1,1346
2022,"BOS",162,78,84,4.534594012256617,738,162,46,5,2,39,87,27,1431,6167,1411,787,721,185,526,17,72,60,8,1346
2021,"KCR",162,74,88,4.641813696480585,718,162,51,1,0,37,81,24,1417.1,6127,1375,788,731,189,591,16,62,86,9,1344
2014,"LAA",162,98,64,3.5813837842937812,705,162,80,3,2,46,81,16,1482.2,6179,1307,630,590,126,504,41,63,74,4,1342
2015,"WSN",162,83,79,3.619654556871891,630,162,91,4,3,41,77,23,1434.2,5975,1366,635,577,145,364,37,55,39,4,1342
2015,"PIT",162,98,64,3.2262252315891256,662,162,92,0,0,54,99,14,1489.2,6215,1392,596,534,110,453,38,75,67,4,1338
2015,"NYM",162,90,72,3.4519149185535216,647,162,101,1,1,50,71,21,1462.2,6046,1341,613,561,152,383,43,44,46,2,1337
2018,"STL",162,88,74,3.8527262683229835,727,162,68,1,1,43,89,21,1455.1,6271,1354,691,623,144,593,49,67,63,4,1337
2018,"PIT",161,82,79,4.004184778475229,641,161,80,3,2,40,81,20,1434,6144,1380,693,638,174,497,43,69,95,6,1336
2022,"MIN",162,78,84,3.9832969252362016,710,162,35,0,0,28,100,26,1437,6042,1320,684,636,184,468,19,66,50,4,1336
2002,"CHC",162,67,95,4.302264467422725,552,162,88,11,3,23,32,25,1441.1,6236,1373,759,689,167,606,53,58,44,2,1333
2018,"CHC",163,95,68,3.645518556028024,763,163,66,1,0,46,103,19,1476.1,6264,1319,645,598,157,622,33,66,46,3,1333
2011,"ATL",162,89,73,3.4852442377891104,672,162,86,3,2,52,99,25,1479.2,6220,1332,605,573,125,521,73,53,61,5,1332
2019,"TOR",162,67,95,4.792639734142473,753,162,40,1,0,33,72,10,1440.1,6313,1450,828,767,228,604,25,69,70,6,1332
2021,"OAK",162,86,76,4.019543427045436,666,162,76,3,3,39,71,28,1433,6060,1362,687,640,191,439,11,64,63,2,1332
2010,"SFG",162,92,70,3.3634518107258926,638,162,95,6,3,57,65,16,1461,6159,1279,583,546,134,578,58,51,74,4,1331
2015,"STL",162,100,62,2.9371872005401864,677,162,106,1,0,62,84,15,1464.2,6134,1359,525,478,123,477,37,45,48,5,1329
2018,"SEA",162,89,73,4.125172539666342,699,162,66,3,1,60,109,21,1448.2,6073,1396,711,664,195,400,21,72,57,3,1328
2021,"SEA",162,90,72,4.299005919729183,746,162,55,1,0,51,99,32,1440.1,6106,1356,748,688,197,485,23,69,58,3,1328
2012,"WSN",162,98,64,3.3405222274144846,644,162,97,3,1,51,105,17,1468.1,6133,1296,594,545,129,497,32,47,62,4,1325
2017,"SDP",162,71,91,4.699210984805469,679,162,67,2,1,45,81,17,1430.2,6169,1417,816,747,226,554,28,75,73,11,1325
2012,"DET",162,88,74,3.7681736287605587,582,162,90,9,3,40,73,16,1430.2,6045,1409,670,599,151,438,35,42,46,6,1318
2012,"NYY",162,95,67,3.8544757914655947,647,162,83,6,2,51,87,13,1445.1,6085,1401,668,619,190,431,32,49,53,9,1318
2016,"SEA",162,86,76,3.9965705075287854,638,162,74,2,2,49,97,25,1457,6147,1410,707,647,213,460,30,55,52,7,1318
2016,"ARI",162,69,93,5.091180828368968,737,162,62,2,2,31,69,22,1451.1,6437,1563,890,821,202,603,57,57,69,7,1318
2014,"SEA",162,87,75,3.1735534269329118,659,162,83,2,1,51,86,11,1452,5974,1240,554,512,137,463,36,52,80,8,1317
2021,"MIN",162,73,89,4.831847466885036,691,162,32,1,0,42,89,21,1419.1,6080,1392,834,762,239,484,13,62,48,3,1317
2011,"SFG",162,86,76,3.2064026529223875,642,162,103,3,2,52,81,14,1468,6130,1260,578,523,96,559,46,50,42,4,1316
2016,"TOR",162,89,73,3.792829105300134,649,162,100,0,0,43,72,22,1459.1,6113,1340,666,615,183,461,10,59,50,7,1314
2022,"TEX",162,68,94,4.220908076988896,694,162,51,1,1,37,85,28,1435,6167,1345,743,673,169,581,16,71,66,7,1314
2017,"LAA",162,80,82,4.198060005519007,705,162,61,1,1,43,77,21,1440.2,6030,1373,709,672,224,470,25,44,57,6,1312
2019,"CHW",161,72,89,4.905615216683819,697,161,53,6,2,33,73,16,1412.2,6159,1438,832,770,238,582,30,51,71,5,1312
2021,"PIT",162,61,101,5.079017627791947,745,162,25,0,0,25,74,24,1396.1,6140,1400,833,788,213,606,26,78,55,5,1312
2014,"CHC",162,73,89,3.92391510402531,699,162,79,1,1,37,81,21,1463.1,6208,1398,707,638,115,504,37,55,64,3,1311
2013,"TBR",163,92,71,3.7377036208152723,648,163,80,9,3,42,85,18,1464,6083,1315,646,608,153,482,38,52,69,6,1310
2013,"TEX",163,91,72,3.628701469096155,638,163,77,4,2,46,74,11,1463.1,6146,1370,636,590,157,498,35,48,68,5,1309
2016,"SFG",162,87,75,3.6916216608524457,737,162,85,10,3,43,125,30,1460.1,6048,1333,631,599,158,439,30,46,40,6,1309
2017,"PHI",162,66,96,4.565580858355448,668,162,65,1,0,33,73,24,1441,6235,1471,782,731,221,527,39,63,50,11,1309
2002,"ARI",162,98,64,3.925574488808127,584,162,101,14,5,40,58,19,1446.2,6067,1361,674,631,170,421,30,54,48,11,1303
2014,"NYM",162,79,83,3.4926012707624685,651,162,98,1,1,42,73,22,1463.2,6170,1370,618,568,141,509,38,50,56,1,1303
2009,"SFG",162,88,74,3.5539430003930934,619,162,84,11,3,41,70,17,1446,6103,1268,611,571,140,584,49,41,71,3,1302
2014,"ATL",162,79,83,3.3835076684105876,634,162,110,5,2,54,81,13,1455,6087,1369,597,547,121,472,36,37,75,1,1301
2017,"CIN",162,68,94,5.1671356523536405,666,162,54,2,1,33,57,14,1430,6286,1442,869,821,248,631,37,77,62,7,1300
2011,"PHI",162,102,60,3.022341329573412,556,162,108,18,7,47,56,10,1477,6069,1320,529,496,120,404,41,47,23,6,1299
2016,"PHI",162,71,91,4.640918808678981,667,162,79,4,3,43,80,20,1437,6163,1468,796,741,213,466,30,51,57,9,1299
2019,"OAK",162,97,65,3.9685999437276274,709,162,78,1,1,45,109,30,1465,6153,1342,680,646,201,477,19,66,74,4,1299
2018,"TOR",162,73,89,4.852594163389381,752,162,57,0,0,39,83,20,1433.2,6265,1476,832,773,208,551,19,67,71,5,1298
2013,"SEA",162,71,91,4.31877208135058,610,162,83,4,2,43,65,23,1465,6256,1467,754,703,174,478,48,42,74,1,1297
2013,"CIN",162,90,72,3.3833974176574015,623,162,94,5,2,43,78,16,1473.2,6077,1294,589,554,170,435,28,66,44,5,1296
2010,"SDP",162,90,72,3.4051261423968664,661,162,87,2,2,49,111,15,1456.1,6058,1305,581,551,139,517,51,28,29,5,1295
2013,"BOS",162,97,65,3.7943621726610837,612,162,95,5,2,33,73,24,1454,6143,1366,656,613,156,524,10,47,47,5,1294
2013,"LAD",162,92,70,3.2516658077855056,666,162,93,7,4,46,83,19,1450.1,6032,1321,582,524,127,460,44,43,66,3,1292
2003,"ARI",162,84,78,3.841236514498435,614,162,90,7,5,42,47,13,1455,6230,1379,685,621,150,526,53,72,52,9,1291
2014,"CIN",162,76,86,3.585063625192457,590,162,103,5,3,44,69,19,1446,6067,1282,612,576,163,507,33,69,45,5,1290
2016,"STL",162,86,76,4.076409262372049,643,162,83,2,2,38,70,17,1448.1,6164,1432,712,656,159,475,35,52,50,1,1290
2003,"LAD",162,85,77,3.155043842178706,600,162,97,3,3,58,81,8,1457.2,6001,1254,556,511,127,526,35,40,50,5,1289
2014,"WSN",162,96,66,3.0292365689176637,620,162,106,5,4,45,93,17,1470.2,6020,1351,555,495,110,352,26,51,37,2,1288
2016,"KCR",162,81,81,4.212499001590357,634,162,68,3,0,41,78,19,1440,6182,1433,712,674,206,517,8,60,55,7,1287
2012,"TEX",162,93,69,4.019418692548402,590,162,86,7,2,43,61,9,1442,6067,1378,707,644,175,446,15,41,53,8,1286
2014,"SDP",162,77,85,3.2717796529394803,643,162,91,4,3,41,75,8,1438.2,6006,1300,577,523,117,462,32,46,57,4,1284
2015,"SEA",162,76,86,4.1647264398912816,671,162,88,6,5,45,100,24,1463,6223,1430,726,677,181,491,41,70,72,5,1283
2004,"HOU",162,92,70,4.054054614281527,655,162,72,2,2,47,74,23,1443,6201,1416,698,650,174,525,61,68,45,3,1282
2015,"HOU",162,86,76,3.5725191362805773,644,162,94,5,3,39,79,19,1441,5965,1308,618,572,148,423,17,43,61,2,1280
2014,"ARI",162,64,98,4.255945156144071,650,162,75,2,1,35,75,20,1444.1,6162,1467,742,683,154,469,43,51,50,5,1278
2012,"LAD",162,86,76,3.35249348322365,668,162,93,2,2,40,81,19,1449.2,6068,1277,597,540,122,539,62,45,46,2,1276
2010,"LAD",162,80,82,4.0141051442632225,637,162,92,4,4,41,70,18,1441.2,6141,1323,692,643,134,539,75,58,58,8,1274
2009,"CHC",161,83,78,3.8420221660667266,641,161,94,3,2,40,75,18,1445.1,6177,1329,672,617,160,586,46,59,60,6,1272
2009,"LAD",162,95,67,3.414706235702603,688,162,82,1,1,44,77,26,1473.1,6182,1265,611,559,127,584,68,57,76,2,1272
2016,"CHW",162,78,84,4.118433085831095,643,162,95,7,1,43,86,28,1446.2,6195,1422,715,662,185,521,30,68,72,2,1270
2017,"COL",162,87,75,4.513565616887524,711,162,68,1,1,47,111,14,1437.2,6177,1453,757,721,190,532,20,50,69,10,1270
2018,"SFG",162,73,89,3.9539217619318707,711,162,73,1,1,36,82,30,1461.1,6191,1387,699,642,156,524,37,45,44,4,1269
2021,"COL",161,74,87,4.825338520048557,704,161,68,3,1,33,72,27,1397,6044,1397,796,749,196,539,19,63,67,3,1269
2010,"CHC",162,75,87,4.241069213605417,644,162,96,1,0,40,68,14,1436.2,6298,1409,767,677,154,605,42,65,46,6,1268
2011,"LAD",161,82,79,3.563546972822855,622,161,94,7,2,40,63,13,1432,5997,1287,612,567,132,507,48,43,50,7,1265
2008,"CHC",161,97,64,3.871319915507238,639,161,84,2,1,44,74,24,1450.2,6194,1329,671,624,160,548,45,65,48,7,1264
2019,"COL",162,71,91,5.578922371908709,752,162,46,1,1,28,62,23,1448.2,6423,1576,958,898,270,589,33,57,63,7,1264
2017,"PIT",162,75,87,4.229290859654526,664,162,69,2,1,36,82,21,1440.2,6208,1464,731,677,182,511,32,58,58,2,1262
2013,"PIT",162,94,68,3.274027079692242,627,162,83,3,0,55,86,15,1470.2,6147,1299,577,535,101,515,26,70,81,6,1261
2009,"NYY",162,103,59,4.276552309182844,623,162,76,3,1,51,74,15,1450,6247,1386,753,689,181,574,28,71,66,5,1260
2015,"MIL",162,68,94,4.277352001655765,658,162,63,1,0,40,73,14,1435,6148,1432,737,682,176,517,36,55,71,5,1260
2018,"CHW",162,62,100,4.847598021836986,715,162,74,0,0,34,67,19,1437,6339,1404,848,774,196,653,25,89,94,9,1259
2021,"DET",162,77,85,4.317210269638306,739,162,47,2,1,42,76,22,1419.2,6164,1370,756,681,199,571,10,82,80,3,1259
2010,"MIL",162,77,85,4.590685950095176,657,162,75,3,3,35,86,21,1439,6324,1487,804,734,173,582,42,48,71,3,1258
2017,"ATL",162,72,90,4.720630400676957,692,162,77,0,0,36,81,23,1441.1,6306,1463,821,756,192,584,39,70,58,5,1258
2018,"CIN",162,67,95,4.653020125524676,706,162,46,1,0,38,74,19,1441,6279,1491,819,745,228,532,60,50,48,8,1258
2011,"MIL",162,96,66,3.639536539501436,596,162,98,1,1,47,74,19,1441.2,6048,1348,638,583,147,440,16,33,70,5,1257
2005,"CHC",162,79,83,4.1937518359561885,619,162,91,8,2,39,69,19,1440,6185,1357,714,671,186,576,48,50,57,7,1256
2013,"SFG",162,76,86,3.9983880704531995,686,162,80,2,2,41,81,13,1447.1,6163,1380,691,643,145,521,64,50,60,4,1256
2014,"PHI",162,73,89,3.8063542161999244,623,162,85,2,0,40,57,16,1468.1,6261,1396,687,621,134,521,43,69,49,1,1255
2013,"STL",162,97,65,3.4281789775689226,645,162,88,7,4,44,83,20,1459.2,6104,1366,596,556,112,451,26,64,33,1,1254
2015,"CIN",162,64,98,4.34724434338219,683,162,68,2,1,35,63,21,1453.1,6271,1436,754,702,177,544,42,58,54,11,1252
2006,"CHC",162,66,96,4.74079172707604,704,162,60,2,1,29,68,17,1439,6366,1396,834,758,210,687,44,67,68,4,1250
2022,"PIT",162,62,100,4.661507078232675,666,162,38,0,0,33,67,27,1421,6263,1432,817,736,164,586,23,87,62,5,1250
2013,"CHW",162,63,99,3.995878965363586,632,162,90,5,1,40,89,20,1455,6214,1424,723,646,182,509,24,60,62,4,1249
2018,"MIA",161,63,98,4.76213959618239,707,161,57,1,0,30,80,22,1442,6236,1388,809,763,192,605,73,71,47,6,1249
2009,"FLA",162,87,75,4.318508307688514,692,162,74,5,1,45,93,24,1446.1,6299,1425,766,694,160,601,60,45,59,5,1248
2012,"CIN",162,97,65,3.3448048074289676,587,162,98,9,2,56,73,18,1453,6056,1356,588,540,152,427,33,51,34,7,1248
2016,"BAL",162,89,73,4.217178088477021,605,162,69,1,0,54,58,14,1432,6122,1408,715,671,183,545,23,51,59,3,1248
2019,"BAL",162,54,108,5.669440451097214,695,162,41,0,0,27,57,27,1443,6396,1544,981,909,305,561,11,80,75,6,1248
2012,"CHW",162,85,77,4.021674993513871,628,162,86,6,2,37,65,21,1445.2,6098,1365,676,646,186,503,29,68,66,9,1246
2014,"MIL",162,82,80,3.667507265903715,640,162,103,3,3,45,76,20,1457.2,6106,1386,657,594,167,431,20,42,44,2,1246
2014,"DET",162,90,72,4.011004399493575,635,162,90,5,4,41,72,16,1454,6191,1475,705,648,127,462,34,42,43,9,1244
2014,"OAK",162,88,74,3.2227785251990846,603,162,102,7,3,31,61,21,1463.1,5971,1269,572,524,147,406,28,48,59,1,1244
2017,"SEA",162,78,84,4.455217892825678,689,162,62,1,0,39,93,26,1440.1,6132,1399,772,713,237,490,28,53,73,7,1244
2010,"ATL",162,91,71,3.5704016861787857,652,162,86,2,0,41,77,17,1439.1,6052,1326,629,571,126,505,64,49,42,3,1241
2016,"CIN",162,68,94,4.911929454296715,646,162,67,2,1,28,57,25,1442,6348,1457,854,787,258,636,31,78,61,12,1241
2008,"SFG",162,72,90,4.375174066216449,640,162,86,4,2,41,56,19,1442,6341,1416,759,701,147,652,59,70,77,7,1240
2012,"NYM",162,74,88,4.092050251131543,667,162,101,7,5,36,66,19,1434,6086,1368,709,652,161,488,29,40,40,3,1240
2019,"SEA",162,68,94,4.996062142897706,700,162,51,3,2,34,66,29,1439.1,6268,1484,893,799,260,505,25,51,75,4,1239
2021,"TEX",162,60,102,4.802246056862994,669,162,50,0,0,31,64,18,1424.1,6103,1402,815,760,232,513,11,61,67,0,1239
2021,"ARI",162,52,110,5.1498149216915685,727,162,41,3,3,22,68,28,1417.1,6270,1480,893,811,232,555,45,75,43,7,1238
2012,"SFG",162,94,68,3.678154883565981,688,162,93,5,4,53,102,13,1451,6138,1361,649,593,142,489,42,51,54,4,1237
2018,"OAK",162,97,65,3.819421706697006,740,162,62,2,2,44,84,18,1465.2,6099,1303,674,622,184,474,19,53,86,2,1237
2013,"WSN",162,86,76,3.5858879358582088,602,162,91,6,4,47,79,21,1445.2,6038,1367,626,576,142,405,17,48,43,8,1236
2010,"COL",162,83,79,4.137999188180151,675,162,86,6,2,35,82,21,1442,6143,1405,717,663,139,525,54,56,77,12,1234
2017,"SFG",162,64,98,4.500001436423138,664,162,82,3,2,32,66,22,1452,6287,1515,776,726,182,496,42,50,55,3,1234
2021,"BAL",162,52,110,5.848073510444543,731,162,31,1,1,26,61,27,1402,6252,1518,956,911,258,563,12,68,88,7,1234
2013,"NYY",162,85,77,3.942424981114345,590,162,84,7,3,49,67,13,1447.1,6128,1452,671,634,171,437,34,51,57,1,1233
2015,"BAL",162,81,81,4.052510057666979,615,162,72,0,0,43,54,15,1434.2,6085,1406,693,646,174,483,27,54,46,0,1233
2017,"BAL",162,75,87,4.971546499596072,654,162,61,1,1,35,58,17,1441,6293,1505,841,796,242,579,21,60,53,6,1233
2009,"ATL",162,86,76,3.57497604637556,650,162,99,3,0,38,71,21,1462.2,6208,1399,641,581,119,530,59,49,40,6,1232
2012,"ATL",162,94,68,3.4185887714164407,622,162,79,5,4,47,81,13,1445.1,5991,1310,600,549,145,464,40,41,54,3,1232
2013,"ATL",162,96,66,3.1771997349091046,628,162,102,1,0,53,91,16,1450.1,5989,1326,548,512,127,409,35,51,50,3,1232
2016,"DET",161,86,75,4.241595260014124,637,161,72,3,1,47,75,19,1428,6048,1417,721,673,182,462,25,51,44,4,1232
2016,"PIT",162,78,83,4.2249521626499265,687,162,68,5,1,51,89,20,1450.2,6292,1491,758,681,180,533,28,68,71,7,1232
2009,"BOS",162,95,67,4.353827872686838,625,162,82,8,2,41,72,18,1436.2,6283,1494,736,695,167,530,24,68,42,5,1230
2019,"KCR",162,59,103,5.204213738415447,682,162,59,1,1,37,61,23,1425,6307,1525,869,824,221,582,25,81,59,5,1230
2008,"ARI",162,82,80,3.989775644606531,606,162,95,6,2,39,68,23,1434.2,6119,1403,706,636,147,451,41,68,59,3,1229
2014,"PIT",162,88,74,3.491646631166314,614,162,90,2,1,48,90,24,1456.1,6130,1341,631,565,128,499,43,88,71,3,1228
2008,"CIN",162,74,88,4.548881956676412,669,162,78,2,1,34,58,21,1442.1,6352,1542,800,729,201,557,40,67,52,7,1227
2016,"ATL",161,68,93,4.507252739983658,748,161,64,1,1,39,64,19,1447.2,6250,1414,779,725,177,547,55,70,83,4,1227
2021,"STL",162,90,72,3.9950607788207035,718,162,56,3,1,50,106,21,1417,6046,1234,672,629,152,608,30,85,66,4,1225
2011,"CHC",162,71,91,4.342088510698292,657,162,76,4,1,40,86,24,1434.1,6262,1439,756,692,162,580,45,53,51,5,1224
2016,"COL",162,75,87,4.917677813281379,695,162,78,2,2,37,73,28,1429.1,6289,1532,860,781,181,547,38,70,72,5,1223
2011,"NYY",162,97,65,3.7337137245660106,627,162,84,5,3,47,95,16,1458.1,6216,1423,657,605,152,507,43,58,67,3,1222
2016,"SDP",162,68,94,4.443751304200069,672,162,69,1,0,35,74,18,1440,6228,1425,770,711,183,569,44,53,67,3,1222
2014,"STL",162,90,72,3.5039110039676005,647,162,91,8,5,55,95,17,1448.2,6069,1321,603,564,123,470,35,61,44,5,1221
2015,"LAA",162,85,77,3.941926259696006,680,162,88,2,2,46,82,21,1440.2,6096,1355,675,631,166,466,45,71,61,4,1221
2011,"CHW",162,79,83,4.099314492792224,572,162,90,6,4,42,72,20,1460,6188,1463,706,665,147,439,50,44,55,4,1220
2022,"WSN",162,55,107,5.0047201024596,750,162,30,2,0,28,59,16,1411.2,6220,1469,855,785,244,558,12,75,59,2,1220
2002,"HOU",162,84,78,4.004843991406035,642,162,79,2,2,43,70,15,1445,6205,1423,695,643,151,546,78,55,38,3,1219
2011,"FLA",162,72,90,3.95227156895219,670,162,83,7,4,40,69,19,1459.2,6200,1403,702,641,149,500,72,37,43,10,1218
2012,"STL",162,88,74,3.7103441084042355,668,162,99,4,2,42,105,22,1462.2,6158,1420,648,603,134,436,28,50,46,4,1218
2013,"ARI",162,81,81,3.9190640176518543,689,162,87,6,2,38,64,29,1495,6338,1460,695,651,176,485,42,60,84,3,1218
2015,"BOS",162,78,84,4.3373998527897335,637,162,80,3,1,40,63,20,1448.1,6224,1486,753,698,178,478,17,62,79,10,1218
2017,"KCR",162,80,82,4.632507377891837,700,162,64,1,1,39,94,21,1437.2,6218,1480,791,740,196,519,24,52,48,6,1216
2022,"ARI",162,74,88,4.254546838477088,708,162,55,0,0,33,76,27,1430,6065,1345,740,676,191,504,18,59,51,3,1216
2015,"ARI",162,79,83,4.049997384774748,712,162,69,1,1,44,85,21,1466.2,6257,1450,713,660,182,500,45,48,51,3,1215
2018,"DET",162,64,98,4.596822167176256,704,162,57,0,0,37,75,24,1425.1,6130,1423,796,728,216,491,20,60,54,4,1215
2022,"BAL",162,83,79,3.974650032465956,703,162,41,2,1,46,79,11,1433.1,6058,1406,688,633,171,443,8,64,47,4,1214
2011,"BOS",162,90,72,4.199451441579811,606,162,71,2,1,36,75,16,1457.1,6242,1366,737,680,156,540,11,90,58,7,1213
2014,"BOS",162,71,91,4.009781560678182,655,162,87,3,2,36,63,18,1465.2,6231,1458,715,653,154,482,19,47,51,5,1213
2007,"CHC",162,85,77,4.043780134745253,640,162,81,2,1,39,67,14,1446.2,6186,1340,690,650,165,573,46,59,42,3,1211
2014,"SFG",162,88,74,3.503106250474005,637,162,86,8,3,46,81,18,1449,5947,1305,614,564,133,389,35,57,49,6,1211
2010,"HOU",162,76,86,4.089392232930746,669,162,95,4,2,45,82,15,1439.1,6221,1446,729,654,140,548,39,40,57,9,1210
2013,"NYM",162,74,88,3.7848759572113115,697,162,94,4,2,40,68,18,1476.2,6249,1442,684,621,152,458,38,54,47,3,1209
2013,"KCR",162,86,76,3.448791372607124,589,162,95,5,2,52,85,21,1448.1,6049,1366,601,555,155,469,21,41,60,4,1208
2013,"TOR",162,74,88,4.264460026173415,649,162,67,4,2,39,62,19,1452,6250,1451,756,688,195,500,33,65,54,7,1208
2010,"BOS",162,89,73,4.189013392789639,605,162,89,3,1,44,65,25,1456.2,6267,1402,744,678,152,580,30,53,58,3,1207
2008,"LAD",162,84,78,3.6812536346482627,623,162,79,5,4,35,61,20,1447.1,6127,1381,648,592,123,480,58,48,47,4,1205
2012,"SDP",162,76,86,4.014868621227832,691,162,75,4,3,43,98,17,1434.2,6151,1356,710,640,162,539,48,48,49,8,1205
2018,"BAL",162,47,115,5.188680437407624,652,162,64,2,0,28,54,18,1431,6340,1552,892,825,234,589,29,67,81,8,1203
2022,"OAK",162,60,102,4.536808146388816,692,162,47,0,0,34,105,25,1426.1,6121,1394,770,719,195,503,37,72,62,5,1203
2017,"DET",162,64,98,5.360711156705803,672,162,72,2,1,32,75,23,1420.1,6298,1587,894,846,218,538,42,61,53,4,1202
2017,"OAK",162,75,87,4.67295610719799,687,162,73,1,1,35,95,25,1431,6167,1444,826,743,210,502,17,61,84,3,1202
2017,"MIA",162,77,85,4.8160811244609,742,162,54,1,1,34,98,26,1442.2,6318,1450,822,772,193,627,59,75,57,3,1202
2012,"ARI",162,81,81,3.94234043961345,623,162,85,4,2,39,68,20,1433.2,6063,1432,688,628,155,417,18,51,52,10,1200
2013,"LAA",162,78,84,4.241712121960557,658,162,87,4,2,41,79,17,1457.2,6298,1475,737,687,167,533,36,45,74,4,1200
2013,"PHI",162,73,89,4.3360413289215884,628,162,91,6,2,32,55,16,1436.1,6213,1465,749,692,152,506,33,62,48,6,1199
2014,"TOR",162,83,79,4.0041573744955645,611,162,86,3,2,45,78,18,1443,6150,1400,686,642,151,490,23,57,43,5,1199
2022,"DET",162,66,96,4.038270695890295,742,162,46,0,0,38,90,17,1419.2,6047,1336,713,637,167,511,9,57,59,2,1195
2007,"TBD",162,66,96,5.533454126867021,645,162,73,2,1,28,58,21,1429.2,6403,1649,944,879,199,568,31,63,55,2,1194
2017,"CHW",162,67,95,4.779602039361074,682,162,63,0,0,25,55,15,1421.2,6200,1384,820,755,242,632,36,68,67,5,1193
2012,"PIT",162,79,83,3.9118596246377786,645,162,83,2,1,45,92,14,1433.1,6097,1357,674,623,153,490,30,45,45,3,1192
2011,"HOU",162,56,106,4.509408835408064,665,162,80,2,0,25,50,26,1435,6268,1477,796,719,188,560,59,53,39,9,1191
2016,"MIN",162,59,103,5.089399537234206,695,162,59,4,1,26,46,20,1443,6314,1617,889,816,221,479,26,41,83,7,1191
2022,"KCR",162,65,97,4.716100792055312,722,162,51,0,0,33,80,21,1416,6249,1493,810,742,173,589,15,71,88,6,1191
2014,"MIA",162,77,85,3.790990179438022,649,162,86,3,3,42,70,22,1457.2,6217,1481,674,614,114,458,35,49,56,4,1190
2010,"TBR",162,96,66,3.782849540911137,653,162,95,6,3,51,79,16,1453.2,6103,1347,649,611,175,478,34,46,60,9,1189
2016,"OAK",162,69,93,4.514649678580339,654,162,69,2,1,42,66,23,1433.1,6144,1459,761,719,185,464,28,50,70,3,1188
2009,"SDP",162,75,87,4.373852165157668,689,162,77,2,1,45,92,23,1450.2,6273,1422,769,705,167,603,58,45,52,8,1187
2022,"COL",162,68,94,5.076705034441694,659,162,64,1,1,43,65,21,1425.1,6240,1516,873,804,184,539,12,59,65,3,1187
2008,"BOS",162,95,67,4.013598884573306,628,162,82,5,2,47,66,22,1446.1,6180,1369,694,645,147,548,17,68,43,2,1185
2007,"LAD",162,82,80,4.20206904462895,645,162,78,4,0,43,73,17,1450,6196,1443,727,677,146,518,34,38,44,5,1184
2008,"TOR",162,86,76,3.4900943537168607,583,162,90,15,5,44,72,12,1446.2,6067,1330,610,561,134,467,42,67,51,4,1184
2010,"TOR",162,85,77,4.2292931915907594,617,162,86,5,2,45,69,17,1440.2,6165,1407,728,677,150,539,35,60,69,3,1184
2013,"CHC",162,66,96,3.9965468698575326,651,162,91,3,1,39,63,26,1448,6149,1332,689,643,160,540,43,62,59,4,1184
2010,"PHI",162,97,65,3.683218766171001,613,162,94,14,6,40,61,19,1456.1,6095,1402,640,596,168,416,42,57,26,5,1183
2013,"OAK",162,96,66,3.5578537447191234,609,162,92,6,4,46,64,21,1452,6069,1339,625,574,163,428,23,35,56,1,1183
2008,"NYM",162,89,73,4.0748923400702,719,162,86,5,2,43,99,29,1464.1,6338,1415,715,663,163,590,53,70,55,4,1181
2009,"TOR",162,75,87,4.465884205031447,607,162,78,10,4,25,50,16,1451,6281,1509,771,720,181,551,26,58,43,4,1181
2010,"TEX",162,90,72,3.9331191252016886,643,162,76,7,0,46,83,20,1455.1,6213,1355,687,636,162,551,24,63,56,4,1181
2011,"TEX",162,96,66,3.7902416198234783,579,162,99,10,7,38,65,20,1441.1,6021,1327,677,607,170,461,21,46,43,6,1179
2015,"OAK",162,68,94,4.161512511794367,649,162,83,5,3,28,41,25,1444.2,6128,1402,729,668,172,474,19,47,62,4,1179
2012,"BAL",162,93,69,3.896156223862729,654,162,78,1,1,55,67,18,1483,6278,1433,705,642,184,481,36,53,34,6,1177
2012,"KCR",162,72,90,4.297428158790476,662,162,69,2,1,44,78,20,1451.1,6251,1504,746,693,163,542,44,60,49,8,1177
2013,"MIA",162,62,100,3.7109585729300387,633,162,82,2,1,36,52,17,1460,6166,1376,646,602,121,526,58,47,53,2,1177
2022,"STL",162,93,69,3.7926616213543403,628,162,62,3,1,37,65,16,1435.2,6014,1335,637,605,146,489,11,60,43,3,1177
2012,"BOS",162,69,93,4.721417195946031,651,162,72,6,2,35,76,22,1443,6209,1449,806,757,190,529,33,66,42,11,1176
2016,"MIL",162,73,89,4.09737194482734,675,162,62,0,0,46,88,22,1434.1,6188,1450,733,653,178,532,33,66,48,2,1175
2007,"MIL",162,83,79,4.442880635434141,654,162,76,3,0,49,95,20,1444.1,6285,1513,776,713,161,507,37,52,57,2,1174
2014,"BAL",162,96,66,3.4365897343636473,641,162,78,3,2,53,97,19,1461.1,6104,1342,593,558,151,472,25,59,42,2,1174
2005,"MIL",162,81,81,3.9805284841033783,557,162,91,7,2,46,61,21,1438,6208,1382,697,636,169,569,52,45,66,8,1173
2013,"SDP",162,76,86,3.977317741605014,650,162,87,3,1,40,75,13,1455,6179,1407,700,643,156,525,31,40,51,2,1171
2012,"HOU",162,55,107,4.565340983513619,703,162,73,3,2,31,70,19,1423.1,6238,1493,794,722,173,540,40,48,75,6,1170
2011,"TOR",162,81,81,4.325183079696776,636,162,81,7,3,33,50,26,1458.2,6286,1433,761,701,179,540,28,77,73,3,1169
2013,"BAL",162,85,77,4.199588181726436,635,162,78,2,1,57,80,27,1453,6144,1438,709,678,202,473,32,50,38,3,1169
2010,"FLA",162,80,82,4.092233947351891,643,162,85,5,2,39,86,25,1438.1,6217,1433,717,654,134,549,42,51,49,4,1168
2014,"KCR",162,89,73,3.5052850063560728,613,162,95,3,2,53,75,12,1450.2,6101,1386,624,565,128,440,14,56,58,6,1168
2012,"SEA",162,75,87,3.762702516843902,613,162,89,8,6,43,61,19,1456.2,6062,1359,651,609,166,449,39,49,61,5,1166
2017,"MIN",162,85,77,4.600280911430666,682,162,62,6,3,42,82,20,1436,6205,1487,788,734,224,483,37,69,52,8,1166
2015,"SFG",162,84,78,3.73251869394731,719,162,78,7,4,41,116,15,1444.1,6009,1344,627,599,155,431,28,50,40,4,1165
2004,"ANA",162,92,70,4.282378436879263,505,162,79,2,2,50,54,17,1454.1,6246,1476,734,692,170,502,27,44,61,7,1164
2005,"HOU",163,89,73,3.5176743219859725,597,163,103,6,2,45,66,13,1443,6023,1336,609,564,155,440,29,59,38,8,1164
2006,"LAA",162,89,73,4.039467620626423,542,162,97,5,3,50,50,13,1452.2,6149,1410,732,652,158,471,27,50,85,3,1164
2006,"MIN",162,96,66,3.9518320155118585,583,162,73,1,0,40,68,10,1439.1,6066,1490,683,632,182,356,25,36,40,3,1164
2006,"NYM",162,97,65,4.157159905577529,636,162,82,5,3,43,73,15,1461.1,6240,1402,731,675,180,527,39,62,37,5,1161
2006,"HOU",162,82,80,4.093509351151922,659,162,85,5,2,42,75,18,1468.2,6219,1425,719,668,182,480,65,54,44,2,1160
2011,"OAK",162,74,88,3.7114879594011145,622,162,94,6,1,39,65,18,1447.2,6159,1380,679,597,136,519,24,41,53,3,1160
2015,"KCR",162,95,67,3.7376071746480086,655,162,71,2,1,56,79,20,1452,6112,1372,641,603,155,489,10,52,62,2,1160
2005,"PHI",162,88,74,4.214635608622057,604,162,84,4,0,40,78,23,1435,6119,1379,726,672,189,487,51,72,36,9,1159
2009,"ARI",162,70,92,4.4388698519017025,645,162,89,4,1,36,46,19,1447.2,6267,1470,782,714,168,525,27,53,79,2,1158
2002,"BOS",162,93,69,3.7531114886347665,500,162,95,5,3,51,40,17,1446,6049,1339,665,603,146,430,29,84,31,6,1157
2012,"LAA",162,89,73,4.0186041273217805,606,162,91,6,5,38,80,22,1433.1,6034,1339,699,640,186,483,20,40,38,2,1157
2018,"KCR",162,58,104,4.946229859073735,645,162,63,2,0,33,52,24,1432,6284,1542,833,787,205,549,28,51,68,4,1157
2007,"LAA",162,94,68,4.2271781744184835,558,162,90,5,3,43,74,14,1435,6161,1480,731,674,151,477,22,51,69,5,1156
2009,"COL",162,92,70,4.2361525941192815,646,162,94,5,2,45,73,16,1438.1,6171,1427,715,677,141,528,51,46,48,5,1154
2010,"NYY",162,95,67,4.055927359821772,592,162,83,3,0,39,76,18,1442.1,6102,1349,693,650,179,540,37,62,69,6,1154
2016,"TEX",162,95,67,4.384616644062939,641,162,84,1,0,56,103,17,1443,6186,1441,757,703,201,534,16,53,45,5,1154
2004,"ARI",162,51,111,4.982589852551149,633,162,69,5,2,33,55,22,1436,6418,1480,899,795,197,668,79,75,71,8,1153
2009,"KCR",162,65,97,4.828192602422355,588,162,74,10,5,34,50,22,1426,6265,1486,842,765,166,600,28,51,89,6,1153
2009,"PHI",162,93,69,4.160981649538543,621,162,83,8,5,44,81,22,1455.2,6263,1479,709,673,189,489,31,75,28,2,1153
2015,"PHI",162,63,99,4.693199232510082,665,162,66,1,1,35,53,16,1436.1,6332,1592,809,749,191,488,37,61,60,7,1153
2014,"CHW",162,73,89,4.29701452607271,615,162,89,3,0,36,68,21,1441,6255,1468,758,688,140,557,42,69,75,3,1152
2015,"MIA",162,71,91,4.036440929784575,648,162,83,0,0,35,80,21,1427,6050,1374,678,640,141,508,25,52,53,3,1152
2007,"BOS",162,96,66,3.866077116094536,613,162,84,5,3,45,78,11,1438.2,6071,1350,657,618,151,482,20,62,33,0,1149
2010,"CHW",162,88,74,4.094494220765363,569,162,94,6,2,43,57,14,1446.1,6180,1471,704,658,136,490,41,34,59,9,1149
2015,"ATL",162,67,95,4.413706836189472,694,162,79,3,2,44,82,26,1425.1,6156,1462,760,699,170,550,45,53,53,9,1148
2008,"CHW",163,89,74,4.105878037879673,626,163,93,4,0,34,74,18,1457.2,6218,1471,729,665,156,460,42,48,54,3,1147
2006,"MIL",162,75,87,4.829322730880044,589,162,81,7,5,43,59,24,1425.2,6210,1454,833,765,177,514,34,74,57,2,1145
2009,"HOU",162,74,88,4.544054357992553,659,162,72,5,1,39,83,26,1430,6237,1521,770,722,176,546,56,50,43,4,1144
2012,"COL",162,64,98,5.215189637329474,737,162,27,0,0,36,73,27,1422,6384,1637,890,824,198,566,61,47,94,6,1144
2008,"TBR",162,97,65,3.8156889369638702,610,162,82,7,5,52,80,16,1457.2,6145,1349,671,618,166,526,29,46,52,3,1143
2011,"TBR",162,91,71,3.5838540640977743,600,162,99,15,5,32,51,12,1449,6010,1263,614,577,161,504,38,46,45,3,1143
2007,"FLA",162,71,91,4.956129454718262,722,162,49,0,0,40,106,24,1443.2,6544,1617,891,795,176,661,60,76,67,9,1142
2012,"TOR",162,73,89,4.644424597017837,657,162,75,5,4,29,72,15,1443.2,6216,1439,784,745,204,574,20,55,56,7,1142
2003,"BOS",162,95,67,4.491807439246746,599,162,82,5,0,36,46,21,1464.2,6355,1503,809,731,153,488,41,76,44,0,1141
2008,"NYY",162,89,73,4.282544567341505,637,162,78,1,0,42,79,9,1441.2,6175,1478,727,686,143,489,37,51,55,5,1141
2003,"HOU",162,87,75,3.8668976660001952,664,162,76,1,0,50,91,14,1450,6176,1350,677,623,161,565,53,74,40,4,1139
2011,"SDP",162,71,91,3.4277813181910695,651,162,91,0,0,44,82,18,1449.1,6065,1324,611,552,125,521,56,37,45,6,1139
2006,"PHI",162,85,77,4.609909163285955,662,162,74,4,2,42,85,22,1460.1,6366,1561,812,748,211,512,63,62,58,4,1138
2014,"HOU",162,70,92,4.141334546854727,600,162,87,7,2,31,65,25,1438.2,6154,1437,723,662,139,484,32,52,57,7,1137
2007,"SDP",163,89,74,3.7220484557825566,648,163,90,1,0,45,76,22,1484.2,6254,1406,666,614,119,474,48,48,42,6,1136
2012,"OAK",162,94,68,3.495920658742386,624,162,90,1,0,47,79,17,1470,6131,1360,614,571,147,462,34,46,40,5,1136
2016,"LAA",162,74,88,4.280487118688994,689,162,64,4,3,29,83,21,1421.1,6120,1480,727,676,208,498,27,56,47,10,1136
2002,"NYY",161,103,58,3.886362733074711,495,161,87,9,5,53,46,16,1452,6159,1441,697,627,144,403,44,48,59,2,1135
2007,"NYM",162,88,74,4.269682489648697,661,162,86,2,2,39,78,17,1452.1,6293,1415,750,689,165,570,40,61,36,3,1134
2005,"SDP",162,82,80,4.131009418027644,618,162,78,4,3,45,70,20,1455.1,6253,1452,726,668,146,503,45,46,36,3,1133
2002,"LAD",162,92,70,3.692204045307906,585,162,97,4,2,56,78,15,1457.2,6139,1311,643,598,165,555,45,46,33,3,1132
2003,"FLA",162,91,71,4.041281496743757,557,162,94,7,2,36,48,14,1445.1,6165,1415,692,649,128,530,40,40,51,11,1132
2004,"BOS",162,98,64,4.192007275591745,599,162,86,4,1,36,53,13,1451.1,6222,1430,768,676,159,447,28,92,39,1,1132
2010,"LAA",162,80,82,4.042548792058431,572,162,93,10,3,39,63,17,1449.1,6252,1422,702,651,148,565,33,46,80,6,1130
2010,"CIN",162,91,71,4.019954395820581,664,162,89,4,2,43,74,20,1453,6182,1404,685,649,158,524,32,50,48,6,1130
2012,"CHC",162,61,101,4.50742724639078,655,162,73,1,0,28,56,21,1413.2,6140,1399,759,708,175,573,36,65,44,5,1128
2008,"FLA",161,84,77,4.439383655419456,672,161,74,2,1,36,87,24,1435.1,6271,1421,767,708,161,586,66,58,59,4,1127
2005,"LAA",162,95,67,3.675392956399868,541,162,99,7,3,54,55,17,1464.1,6158,1419,643,598,158,443,24,48,70,1,1126
2011,"NYM",162,77,85,4.189227785413371,676,162,84,6,2,43,75,24,1448,6316,1482,742,674,147,514,48,70,46,7,1126
2005,"FLA",162,83,79,4.18696589057809,611,162,85,14,8,42,55,18,1442.1,6236,1459,732,671,116,563,57,65,45,3,1125
2009,"TBR",162,84,78,4.357075780637519,672,162,76,3,3,41,79,22,1427.1,6146,1421,754,691,183,515,22,46,46,5,1125
2013,"MIL",162,74,88,3.8366434040924635,663,162,82,4,2,40,83,23,1442.2,6100,1401,687,615,175,466,29,43,51,2,1125
2009,"OAK",162,75,87,4.290649185686702,650,162,64,2,2,38,68,12,1447.1,6243,1486,761,690,156,523,30,36,43,2,1124
2004,"MIN",162,92,70,4.042682262386216,597,162,83,4,4,48,48,20,1476,6269,1523,715,663,167,431,27,54,45,1,1123
2018,"TEX",162,67,95,4.9245306307022645,668,162,50,1,0,42,90,14,1431,6231,1516,848,783,222,491,23,72,57,8,1121
2003,"NYY",163,101,61,4.032146565145328,530,163,96,8,3,49,57,18,1462,6209,1512,716,655,145,375,36,49,33,0,1119
2009,"CHW",162,79,83,4.15721377043746,577,162,86,4,1,36,55,18,1439.2,6155,1438,732,665,169,507,41,41,55,5,1119
2011,"COL",162,73,89,4.438867536317412,679,162,71,5,2,41,97,23,1447.2,6215,1471,774,714,176,522,47,48,65,7,1118
2015,"TOR",162,93,69,3.8098562843728865,631,162,84,7,2,34,60,22,1441,5984,1353,670,610,173,397,20,59,62,4,1117
2004,"FLA",162,83,79,4.0965953638787465,566,162,86,6,3,53,54,22,1439,6110,1395,700,655,166,513,61,51,35,3,1116
2004,"CLE",162,80,82,4.817047506267478,641,162,73,8,3,32,55,28,1466.2,6450,1553,857,785,201,579,47,62,43,6,1115
2006,"ARI",162,76,86,4.4886949105558385,623,162,81,8,4,34,75,20,1459.2,6341,1503,788,728,168,536,44,61,53,4,1115
2011,"DET",162,95,67,4.043749102595746,583,162,90,4,2,52,60,10,1440,6108,1406,711,647,149,492,34,52,69,5,1115
2012,"MIA",162,69,93,4.104351990992086,645,162,91,5,3,38,88,22,1440.2,6186,1448,724,657,133,495,61,55,36,4,1113
2011,"CIN",162,79,83,4.157617966115255,663,162,90,4,2,39,73,22,1467.2,6259,1414,720,678,185,539,47,59,51,13,1112
2015,"COL",162,68,94,5.041600659460254,746,162,54,4,1,36,99,25,1426.1,6308,1579,844,799,183,579,42,48,66,6,1112
2008,"MIL",162,90,72,3.870391031585177,607,162,84,12,6,45,68,26,1455.2,6209,1415,689,626,175,528,32,42,53,5,1110
2014,"TEX",162,67,95,4.49263936392984,638,162,62,6,4,33,68,14,1426.1,6195,1510,773,712,160,505,43,61,61,7,1110
2007,"HOU",162,73,89,4.700725657526006,638,162,82,2,1,38,65,25,1464.2,6417,1566,813,765,206,510,62,63,40,3,1109
2002,"SDP",162,66,96,4.655605416332596,622,162,74,5,2,40,60,23,1436.1,6333,1522,815,743,177,582,61,66,51,4,1108
2002,"NYM",161,75,86,3.9052664389764513,612,161,81,9,6,36,62,15,1442.2,6212,1408,703,626,163,543,75,55,22,7,1107
2017,"TEX",162,78,84,4.69974410061053,626,162,79,2,1,29,66,21,1434.1,6211,1443,816,749,214,559,22,74,63,7,1107
2007,"ATL",162,84,78,4.109636953913495,690,162,81,1,1,36,64,15,1456.1,6263,1442,733,665,172,537,89,42,48,5,1106
2008,"LAA",162,100,62,3.9997697566810984,545,162,92,7,1,66,74,23,1451.1,6161,1455,697,645,160,457,32,63,50,2,1106
2010,"NYM",162,79,83,3.728837163917276,653,162,90,8,4,36,62,16,1453,6245,1438,652,602,135,545,55,52,48,5,1106
2002,"FLA",162,79,83,4.363011442241933,623,162,71,11,6,36,68,19,1456.1,6340,1449,763,706,151,631,46,58,55,7,1104
2009,"MIL",162,80,82,4.841809986814856,674,162,65,1,0,44,89,22,1435,6352,1498,818,772,207,607,60,65,61,1,1104
2009,"DET",163,86,77,4.341393835015285,602,163,73,4,1,42,67,24,1447,6240,1449,745,698,182,594,42,41,48,6,1102
2008,"SDP",162,63,99,4.406398873911857,653,162,76,3,0,30,55,26,1458.1,6286,1466,764,714,165,561,61,38,43,4,1100
2015,"DET",161,74,87,4.639945792977769,666,161,72,7,4,35,49,24,1447,6188,1491,803,746,193,489,32,46,60,8,1100
2004,"MIL",161,67,94,4.2628304996758795,584,161,82,6,1,42,59,22,1442,6204,1440,757,683,164,476,27,51,59,5,1098
2011,"STL",162,90,72,3.7859104789094142,630,162,86,7,5,47,68,26,1462,6211,1461,692,615,136,448,44,46,48,3,1098
2006,"SDP",162,88,74,3.8799850077776976,637,162,90,4,2,50,81,21,1463.2,6175,1385,679,631,176,468,63,50,34,4,1097
2008,"HOU",161,86,75,4.388447324112352,649,161,71,4,3,48,80,17,1425.1,6125,1453,743,695,197,492,53,50,22,9,1095
2015,"TEX",162,88,74,4.2546210180649835,660,162,79,5,3,45,94,17,1442.2,6215,1459,733,682,171,508,29,63,51,5,1095
2007,"MIN",162,79,83,4.178421293748433,600,162,80,5,3,38,65,14,1436.2,6133,1505,725,667,185,420,33,51,46,5,1094
2010,"STL",162,86,76,3.5723473318186802,617,162,94,7,3,32,59,11,1453.2,6137,1412,641,577,133,477,32,48,42,4,1094
2003,"SDP",162,64,98,4.873075843727156,635,162,74,2,0,31,60,18,1431.1,6303,1458,831,775,208,611,52,62,64,3,1091
2004,"BAL",162,78,84,4.706137359183824,614,162,68,8,4,27,54,20,1455.1,6459,1488,830,761,159,687,43,62,68,9,1090
2002,"MON",162,83,79,3.9766025992373977,599,162,78,9,1,39,78,20,1453,6246,1475,718,642,165,508,80,46,51,5,1088
2006,"FLA",162,78,84,4.370231878785679,600,162,89,6,2,41,69,27,1433.1,6294,1465,772,696,166,622,58,74,47,4,1088
2007,"ARI",162,90,72,4.13463006214139,631,162,84,7,4,51,85,15,1441,6216,1446,732,662,169,546,38,61,48,9,1088
2011,"SEA",162,67,95,3.9127696721924243,513,162,94,12,3,39,39,16,1433,6014,1369,675,623,145,436,27,51,68,6,1088
2007,"BAL",162,69,93,5.1860531071376865,652,162,72,4,1,30,78,25,1438.2,6418,1491,868,829,161,696,37,72,55,8,1087
2012,"CLE",162,68,94,4.787102712530041,656,162,73,2,1,43,81,13,1442,6283,1503,845,767,174,543,27,55,67,6,1086
2008,"KCR",162,75,87,4.501039486616071,601,162,78,2,0,44,59,16,1445.2,6214,1473,781,723,159,515,15,41,68,5,1085
2013,"HOU",162,51,111,4.793752920001247,610,162,75,2,1,32,70,29,1440,6370,1530,848,767,191,616,32,56,61,6,1084
2008,"PHI",162,92,70,3.892620326189963,630,162,88,4,3,47,80,15,1449.2,6229,1444,680,627,160,533,64,57,34,3,1081
2011,"KCR",162,71,91,4.4462588734457675,582,162,75,2,0,37,58,22,1451.1,6280,1487,762,717,163,557,42,58,69,7,1080
2004,"PIT",161,72,89,4.310927667019833,625,161,78,3,2,46,76,23,1428,6197,1451,744,684,149,576,64,63,45,3,1079
2004,"SDP",162,87,75,4.028454392648608,599,162,79,3,2,44,76,20,1441,6135,1460,705,645,184,422,39,48,27,2,1079
2006,"TOR",162,87,75,4.372927143598488,644,162,65,6,1,42,87,20,1428.1,6151,1447,754,694,185,504,56,59,53,13,1076
2008,"ATL",162,72,90,4.466684306759677,707,162,75,2,1,26,76,18,1440.2,6244,1439,778,715,156,586,80,42,42,5,1076
2002,"PHI",161,80,81,4.1657831749373875,611,161,77,5,3,47,78,24,1449.2,6222,1381,724,671,153,570,54,70,68,5,1075
2005,"OAK",162,88,74,3.6984606672431752,572,162,90,9,2,38,47,18,1450.1,6080,1315,658,596,154,504,42,60,41,3,1075
2014,"COL",162,66,96,4.855344472224803,709,162,70,1,1,24,74,26,1431,6248,1528,818,772,173,531,32,54,72,8,1074
2004,"PHI",162,86,76,4.467184132028562,638,162,71,4,4,43,82,25,1462.2,6308,1488,781,726,214,502,60,66,40,3,1070
2006,"BOS",162,86,76,4.826779740434246,616,162,70,3,1,46,80,23,1441.1,6292,1570,825,773,181,509,25,68,52,3,1070
2010,"OAK",162,81,81,3.5832359266702967,585,162,103,7,3,38,65,13,1431.2,6011,1315,626,570,153,512,29,38,42,8,1070
2010,"ARI",162,65,97,4.807961822027556,616,162,79,3,1,35,48,24,1432,6260,1503,836,765,210,548,38,58,82,4,1070
2009,"CIN",162,78,84,4.178061315891146,640,162,79,6,4,41,80,12,1458.1,6253,1420,723,677,188,577,36,65,45,1,1069
2006,"LAD",162,88,74,4.227800889127731,616,162,81,1,0,40,56,21,1460.1,6289,1524,751,686,152,492,40,41,54,8,1068
2007,"CIN",162,72,90,4.954237847656959,684,162,74,6,2,34,59,28,1449.2,6354,1605,853,798,198,482,47,73,54,5,1068
2010,"WSN",162,69,93,4.133100942291841,656,162,69,2,1,37,73,20,1435,6214,1469,742,659,151,512,57,46,33,7,1068
2006,"SEA",162,78,84,4.5974657815255835,591,162,74,6,2,47,72,20,1446.2,6294,1500,792,739,183,560,50,53,47,6,1067
2007,"TOR",162,83,79,4.000918785619361,582,162,91,11,2,44,64,25,1448.2,6108,1383,699,644,157,479,34,55,42,3,1067
2004,"LAD",162,93,69,4.0066535671115835,621,162,87,2,2,51,57,9,1453.1,6155,1386,684,647,178,521,47,54,43,2,1066
2013,"COL",162,74,88,4.43732567561764,665,162,65,1,0,35,82,18,1436,6248,1545,760,708,136,517,52,40,62,15,1064
2002,"SEA",162,93,69,4.0724175192038645,505,162,82,8,3,43,57,21,1445.1,6117,1422,699,654,178,441,34,49,42,3,1063
2008,"WSN",161,59,102,4.663178857250307,678,161,67,2,0,28,66,28,1434,6310,1496,825,743,190,588,44,51,59,8,1063
2009,"LAA",162,97,65,4.453287515204699,596,162,77,9,6,51,79,19,1445,6252,1513,761,715,180,523,35,58,67,2,1062
2008,"OAK",161,75,86,4.013937213539573,602,161,71,4,1,33,68,19,1435,6112,1364,690,640,135,576,45,54,30,4,1061
2003,"PHI",162,86,76,4.058415073322988,599,162,86,9,7,33,56,18,1443.2,6195,1386,697,651,142,536,51,77,53,4,1060
2006,"PIT",162,67,95,4.547040834930057,667,162,73,2,1,39,72,21,1435,6354,1545,797,725,156,620,62,70,61,6,1060
2002,"CLE",162,74,88,4.90852067106267,583,162,74,9,2,34,51,19,1424.2,6271,1508,837,777,142,603,38,57,52,8,1058
2002,"ATL",161,101,59,3.134257668203855,630,161,85,3,2,57,79,14,1467.1,6131,1302,565,511,123,554,63,42,40,4,1058
2004,"NYY",162,101,61,4.688060903232092,598,162,71,1,0,59,70,17,1443.2,6240,1532,808,752,182,445,32,60,57,4,1058
2011,"LAA",162,86,76,3.5692809021211422,548,162,98,12,6,39,58,25,1465,6124,1388,633,581,142,476,34,36,55,4,1058
2011,"ARI",162,94,68,3.7974604972081996,625,162,90,5,1,58,75,13,1443.1,6102,1414,662,609,159,442,16,53,39,7,1058
2007,"SFG",162,71,91,4.19766011456311,658,162,86,5,0,37,86,23,1453.2,6299,1442,720,678,133,593,41,47,49,4,1057
2003,"CHW",162,86,76,4.169812519253395,523,162,98,12,0,36,33,17,1431,6067,1364,715,663,162,518,30,53,39,4,1056
2010,"DET",162,81,81,4.287097629470959,578,162,80,6,1,32,60,13,1444.1,6198,1445,743,688,142,537,29,65,75,9,1056
2006,"CIN",162,80,82,4.532163365357833,638,162,79,9,3,36,49,24,1445.2,6319,1576,801,728,213,464,55,60,40,9,1053
2005,"BAL",162,74,88,4.564094269583779,636,162,74,2,0,38,70,19,1427.2,6242,1458,800,724,180,580,32,52,70,11,1052
2009,"MIN",163,87,76,4.496902405612605,643,163,79,4,1,48,82,16,1453,6274,1542,765,726,185,466,20,58,43,3,1052
2005,"CLE",162,93,69,3.6057801803429967,571,162,91,6,0,51,74,15,1452.2,6048,1363,642,582,157,413,20,41,26,4,1050
2007,"PHI",162,89,73,4.764344929494048,660,162,74,5,2,42,90,21,1458.1,6385,1555,821,772,198,558,62,72,46,3,1050
2006,"ATL",162,79,83,4.595745308464936,684,162,71,6,2,38,56,29,1441.1,6350,1529,805,736,183,572,69,55,39,2,1049
2009,"STL",162,91,71,3.660803856112077,643,162,88,8,4,43,72,14,1440.2,6087,1407,640,586,123,460,23,53,43,5,1049
2011,"WSN",161,80,81,3.5830270360206855,664,161,79,3,2,49,98,28,1449.1,6141,1403,643,577,129,477,43,52,49,6,1049
2010,"MIN",162,94,68,3.9527293632756884,627,162,86,9,3,40,75,18,1452.2,6106,1493,671,638,155,383,19,47,41,4,1048
2007,"CLE",162,96,66,4.054923284763125,557,162,94,9,4,49,71,14,1462.2,6206,1519,704,659,146,410,42,56,42,2,1047
2007,"DET",162,88,74,4.582909807158455,605,162,71,1,1,44,73,21,1447.1,6345,1498,797,737,174,566,41,68,75,8,1047
2015,"MIN",162,83,79,4.072764006187919,682,162,76,2,0,45,76,15,1443,6139,1506,700,653,163,413,34,41,54,2,1046
2011,"BAL",162,69,93,4.920969392055585,640,162,60,3,1,32,59,19,1446.2,6332,1568,860,791,210,535,42,45,32,4,1044
2009,"SEA",162,85,77,3.8721887335292293,572,162,83,4,2,49,82,28,1452.2,6159,1359,692,625,172,534,13,43,61,5,1043
2004,"STL",162,105,57,3.745701065358517,631,162,89,4,2,57,89,16,1453.2,6104,1378,659,605,169,440,24,67,42,4,1041
2008,"COL",162,74,88,4.767634101300271,647,162,68,3,1,36,59,23,1446,6338,1547,822,766,148,562,49,53,61,7,1041
2005,"CHW",162,99,63,3.610571018654078,574,162,95,9,4,54,79,19,1475.2,6176,1392,645,592,167,459,42,52,65,9,1040
2005,"ARI",162,77,85,4.869762408455659,620,162,84,6,1,45,64,17,1456.1,6402,1580,856,788,193,537,43,62,58,5,1038
2004,"SEA",162,63,99,4.761077113928639,576,162,70,7,2,28,42,21,1459.1,6389,1498,823,772,212,575,32,72,45,7,1036
2007,"OAK",162,76,86,4.301105603375667,608,162,85,4,1,36,66,25,1448,6247,1468,758,692,138,530,60,43,52,4,1036
2010,"KCR",162,67,95,4.974011011126951,603,162,71,7,1,44,64,21,1436.2,6333,1553,845,794,176,551,28,47,55,7,1035
2003,"MIL",162,68,94,5.026858947392607,622,162,66,5,1,44,59,27,1452,6459,1590,873,811,219,575,43,61,57,8,1034
2004,"OAK",162,91,71,4.171722953345037,576,162,84,10,3,35,71,28,1471.1,6313,1466,742,682,164,544,49,68,39,5,1034
2004,"MON",162,67,95,4.328954899046129,624,162,68,11,4,31,59,18,1447,6307,1477,769,696,191,582,78,79,43,2,1032
2009,"NYM",162,70,92,4.462132369234783,673,162,78,3,2,39,75,21,1426,6284,1452,757,707,158,616,60,55,41,10,1031
2011,"PIT",162,72,90,4.048757100141799,711,162,78,5,3,43,92,22,1449.1,6317,1513,712,652,152,535,65,62,60,6,1031
2014,"MIN",162,70,92,4.5783985338440765,653,162,66,2,0,38,68,20,1435,6212,1588,777,730,147,408,24,45,50,6,1031
2002,"TEX",162,72,90,5.163693054803435,649,162,68,4,2,33,65,33,1439.2,6446,1528,882,826,194,669,32,76,84,11,1030
2003,"MON",162,83,79,4.012754269615809,599,162,94,15,2,42,67,18,1437.2,6171,1467,716,641,181,463,51,71,71,4,1028
2002,"MIN",161,94,67,4.124136317190238,596,161,78,8,5,47,83,18,1444.2,6133,1454,712,662,184,439,24,45,62,3,1026
2002,"MIL",162,56,106,4.756573192961635,608,162,73,7,3,32,52,10,1432.1,6339,1468,821,757,199,666,82,62,64,8,1026
2010,"PIT",162,57,105,5.004725860128899,679,162,71,1,1,31,67,17,1411.2,6300,1567,866,785,167,538,40,66,56,10,1026
2004,"ATL",162,96,66,3.7489685821322394,645,162,97,4,1,48,71,20,1450,6218,1475,668,604,154,523,50,27,36,6,1025
2011,"CLE",162,80,82,4.24197153436086,645,162,85,2,0,38,78,16,1453.1,6235,1482,760,685,153,463,34,60,42,3,1024
2002,"OAK",162,103,59,3.688018260940249,570,162,95,9,5,48,86,21,1452,6158,1391,654,595,135,474,45,62,40,9,1021
2004,"SFG",162,91,71,4.342487321149417,683,162,81,8,5,46,87,28,1457,6321,1481,770,703,161,548,35,47,52,2,1020
2007,"SEA",162,88,74,4.768765094447896,618,162,70,6,4,43,74,15,1434.1,6313,1578,813,760,147,546,39,62,59,10,1020
2006,"NYY",162,97,65,4.426233847984319,651,162,79,5,1,43,83,17,1443.2,6215,1463,767,710,170,496,41,59,46,7,1019
2003,"OAK",162,96,66,3.6332943570546283,526,162,93,16,5,48,53,12,1441.2,6078,1336,643,582,140,499,42,54,41,10,1018
2006,"BAL",162,70,92,5.353064895130789,634,162,62,5,1,35,58,21,1419,6327,1579,899,844,216,613,26,48,59,4,1016
2008,"SEA",162,61,101,4.7278200903251095,631,162,73,4,0,36,57,31,1435.1,6368,1544,811,754,161,626,37,53,60,5,1016
2009,"TEX",162,87,75,4.384990451755245,598,162,68,8,3,45,77,13,1434.2,6172,1432,740,699,171,531,14,70,45,8,1016
2007,"CHW",162,72,90,4.772790685767203,625,162,88,9,4,42,73,23,1440.2,6293,1556,839,764,174,499,50,59,45,0,1015
2004,"CHW",162,83,79,4.913658525216324,561,162,69,8,2,34,57,12,1432.1,6189,1505,831,782,224,527,36,48,43,3,1013
2005,"NYM",162,83,79,3.7738596651502228,554,162,99,8,3,38,49,21,1435.2,6121,1390,648,602,135,491,43,56,32,4,1012
2006,"CHW",162,90,72,4.6149084957216795,560,162,81,5,2,46,64,17,1449,6232,1534,794,743,200,433,59,58,51,1,1012
2002,"STL",162,97,65,3.7024687899766993,634,162,80,4,2,42,82,21,1446.1,6135,1355,648,595,141,547,39,60,40,2,1009
2003,"TEX",162,71,91,5.6888370544289995,656,162,51,4,2,43,74,20,1433.1,6413,1625,969,906,208,603,45,63,51,8,1009
2007,"NYY",162,94,68,4.497935204439386,684,162,77,1,0,34,71,21,1450.2,6308,1498,777,725,150,578,33,60,59,6,1009
2010,"BAL",162,66,96,4.5929442304161086,616,162,80,3,0,35,71,27,1436.1,6262,1508,785,733,186,520,45,59,45,5,1007
2003,"SFG",161,100,61,3.7256495662264273,622,161,83,7,4,43,77,17,1437.1,6090,1349,638,595,136,546,34,43,68,8,1006
2005,"LAD",162,71,91,4.382297404033335,620,162,79,6,4,40,66,19,1427.1,6113,1434,755,695,182,471,34,64,36,6,1004
2006,"DET",162,95,67,3.853590602488455,552,162,88,3,1,46,75,16,1448,6145,1420,675,620,160,489,35,53,44,2,1003
2006,"OAK",162,93,69,4.2158438767913315,606,162,76,5,2,54,83,20,1451.2,6279,1525,727,680,162,529,47,55,43,4,1003
2003,"SEA",162,93,69,3.759890020433618,528,162,94,8,3,38,48,14,1441,6025,1340,637,602,173,466,24,54,35,4,1001
2002,"ANA",162,99,63,3.6871727582573204,562,162,94,7,2,54,66,17,1452.1,6097,1345,644,595,169,509,24,49,52,7,999
2003,"MIN",162,90,72,4.408669261657453,561,162,80,7,3,45,65,19,1461.2,6246,1526,758,716,187,402,35,50,62,9,997
2005,"WSN",162,81,81,3.8703726950134776,632,162,84,4,1,51,69,18,1458,6286,1456,673,627,140,539,77,72,49,8,997
2007,"PIT",162,68,94,4.942435202730888,657,162,74,4,2,32,68,19,1447.2,6374,1627,846,795,174,518,55,76,45,3,997
2004,"DET",162,72,90,4.926137943751645,594,162,69,7,4,35,58,28,1439.2,6296,1542,844,788,190,530,33,54,71,6,995
2008,"MIN",163,88,75,4.176150394181727,648,163,86,5,2,42,75,23,1459,6221,1568,745,677,183,406,38,31,45,4,995
2007,"KCR",162,69,93,4.50208957952155,610,162,64,2,0,36,74,18,1437.1,6253,1547,778,719,168,520,54,41,56,4,993
2002,"SFG",162,95,66,3.550326860387177,579,162,91,10,5,43,70,17,1437.1,6056,1349,616,567,116,523,44,36,36,2,992
2003,"ATL",162,101,61,4.097280469885409,651,162,84,4,1,51,75,20,1456.1,6247,1425,740,663,147,555,69,42,53,4,992
2004,"CIN",162,76,86,5.211727872025657,659,162,69,5,2,47,80,30,1443.2,6451,1595,907,836,236,572,55,54,74,3,992
2006,"SFG",161,76,85,4.639542429513455,599,161,77,7,3,37,68,22,1429.2,6225,1422,790,737,153,584,37,70,50,7,992
2002,"TOR",162,78,84,4.805563792967744,623,162,69,6,2,41,69,29,1438.1,6338,1504,828,768,177,590,56,71,57,4,991
2008,"DET",162,74,88,4.90795649514025,602,162,67,1,0,34,60,28,1445,6411,1541,857,788,172,644,63,68,65,7,991
2008,"CLE",162,81,81,4.459291366117483,561,162,84,10,5,31,51,20,1437,6164,1530,761,712,170,444,28,51,44,5,986
2009,"CLE",162,65,97,5.071133647072687,607,162,71,5,2,25,49,18,1434,6354,1570,865,808,183,598,31,45,49,7,986
2005,"NYY",162,95,67,4.535645469261706,580,162,82,8,4,46,69,21,1430.2,6182,1495,789,721,164,463,25,84,37,6,985
2013,"MIN",162,66,96,4.5548147765934734,673,162,62,1,1,40,77,18,1450.1,6257,1591,788,734,168,458,31,44,50,4,985
2003,"TOR",162,86,76,4.6912888958928765,605,162,75,14,4,35,64,17,1435,6270,1560,826,748,184,485,46,57,56,2,984
2003,"BAL",163,71,91,4.761781050698217,588,163,73,9,1,41,66,21,1449.2,6366,1579,820,767,198,526,43,80,42,4,981
2005,"COL",162,67,95,5.138625148398793,621,162,68,4,1,37,68,26,1418.2,6385,1600,862,810,175,604,54,84,65,6,981
2002,"CIN",162,78,84,4.290529561966561,624,162,67,2,1,42,67,15,1453.2,6296,1502,774,693,173,550,63,56,52,2,980
2003,"ANA",162,77,85,4.282021356296018,537,162,65,5,2,39,56,13,1431.1,6161,1444,743,681,190,486,38,76,53,3,980
2004,"TEX",162,89,73,4.544801868287861,630,162,61,5,2,52,76,14,1439.2,6345,1536,794,727,182,547,29,81,34,11,979
2006,"TBD",162,61,101,4.96784560013854,606,162,65,3,2,33,47,21,1420.1,6374,1600,856,784,180,606,39,63,70,8,979
2004,"NYM",162,71,91,4.099378024008318,636,162,82,2,2,31,70,21,1449,6333,1452,731,660,156,592,70,49,30,8,977
2007,"TEX",162,75,87,4.758041386872772,629,162,55,0,0,42,80,14,1430,6389,1525,844,756,155,668,38,70,66,4,976
2005,"STL",162,100,62,3.486280016336932,598,162,97,15,7,48,86,17,1445.2,6047,1399,634,560,153,443,27,60,41,5,974
2010,"SEA",162,61,101,3.9492333043504453,520,162,90,11,2,38,36,17,1438,6091,1402,698,631,157,452,33,40,73,11,973
2005,"SFG",162,75,87,4.349410665438345,673,162,76,4,0,46,89,28,1444.1,6280,1456,745,698,151,592,42,42,38,3,972
2006,"TEX",162,80,82,4.608989808150445,651,162,74,3,1,42,79,23,1431.1,6237,1558,784,733,162,496,18,66,34,4,972
2006,"STL",161,83,78,4.538821098937131,630,161,74,6,3,38,73,19,1429.2,6196,1475,762,721,193,504,35,80,35,3,970
2003,"STL",162,85,77,4.6178587498112735,622,162,78,9,3,41,72,30,1463.2,6375,1544,796,751,210,508,36,65,53,1,969
2002,"BAL",162,67,95,4.4607061575116616,569,162,75,8,1,31,58,15,1450.2,6258,1491,773,719,208,549,34,54,54,1,967
2007,"COL",163,90,73,4.316577577986351,692,163,79,4,1,39,80,29,1472,6293,1497,758,706,164,504,61,59,35,8,967
2010,"CLE",162,69,93,4.295884919081532,632,162,74,10,2,34,73,16,1433,6224,1477,752,684,147,572,36,66,54,3,967
2005,"MIN",162,83,79,3.7245610929496866,558,162,90,9,4,44,52,16,1464.1,6072,1458,662,606,169,348,38,43,35,4,965
2008,"TEX",162,79,83,5.3675453398596344,619,162,54,6,2,36,73,28,1442,6506,1647,967,860,176,625,44,72,62,9,963
2008,"PIT",162,67,95,5.096910585642238,659,162,66,3,2,34,65,22,1455,6528,1631,884,824,176,657,31,49,64,9,963
2006,"WSN",162,71,91,5.031559828075052,679,162,68,1,1,32,62,23,1436.1,6424,1535,872,803,193,584,93,92,47,10,960
2005,"BOS",162,95,67,4.742480094441046,604,162,81,6,0,38,59,19,1429,6227,1550,805,753,164,440,28,89,56,4,959
2005,"TOR",162,80,82,4.061506211967693,594,162,80,9,3,35,66,21,1447,6166,1475,705,653,185,444,29,68,39,5,958
2005,"PIT",162,67,95,4.437325673960002,613,162,71,4,3,35,59,12,1436,6264,1456,769,708,162,612,65,65,53,4,958
2008,"STL",162,86,76,4.202887070242411,668,162,78,2,1,42,106,31,1454,6264,1517,725,679,163,496,21,51,50,2,957
2004,"TOR",161,67,94,4.92751766734126,592,161,70,6,4,37,47,16,1421,6281,1505,823,778,181,608,47,58,60,11,956
2005,"CIN",163,73,89,5.175157311174713,654,163,70,2,0,31,63,16,1433,6397,1657,889,824,219,492,47,80,53,3,955
2006,"COL",162,76,86,4.657530758939459,661,162,81,5,4,34,76,25,1447.1,6318,1549,812,749,155,553,81,66,43,2,952
2005,"TBD",162,67,95,5.4000004226130365,563,162,56,1,0,43,66,26,1421.2,6384,1570,936,853,194,615,41,64,53,5,949
2006,"CLE",162,78,84,4.432551766093,539,162,82,13,6,24,40,23,1423.1,6190,1583,782,701,166,429,35,51,46,2,948
2004,"COL",162,68,94,5.536694426139954,635,162,65,3,0,36,67,34,1435.1,6535,1634,923,883,198,697,84,71,66,6,947
2002,"CHW",162,81,81,4.572734292582744,585,162,70,7,4,35,60,11,1423,6131,1422,798,723,190,528,31,60,54,6,945
2007,"STL",162,78,84,4.67030417447763,678,162,70,2,0,34,63,11,1435.2,6283,1514,829,745,168,509,25,73,39,6,945
2003,"CLE",162,68,94,4.206030879372722,590,162,76,5,2,34,52,25,1459.1,6254,1477,778,682,179,501,37,64,49,7,943
2012,"MIN",162,66,96,4.766913992489986,661,162,62,3,1,35,63,14,1438.2,6214,1536,832,762,198,465,43,57,60,2,943
2011,"MIN",162,63,99,4.596015120607689,619,162,80,7,3,32,59,20,1421.2,6210,1564,804,726,161,480,37,54,47,5,940
2009,"BAL",162,64,98,5.164450552462657,646,162,58,2,0,31,61,22,1429,6359,1633,876,820,218,546,45,51,31,7,933
2003,"CIN",162,69,93,5.090111047488742,637,162,56,4,1,38,60,26,1446.1,6423,1578,886,818,209,590,61,48,46,3,932
2005,"TEX",162,79,83,4.968748889809412,616,162,66,2,1,46,48,22,1440,6371,1589,858,795,159,522,31,60,44,4,932
2007,"WSN",162,73,89,4.578802783878625,750,162,60,0,0,46,95,27,1446.2,6333,1502,783,736,187,580,44,42,52,4,931
2005,"ATL",162,90,72,3.9836041414898458,646,162,78,8,3,38,73,24,1443.2,6186,1487,674,639,145,520,52,32,42,5,929
2003,"PIT",162,75,87,4.6485147609820645,619,162,77,7,3,44,77,24,1444.1,6293,1527,801,746,178,502,58,61,50,2,926
2002,"TBD",161,55,106,5.292523340847743,467,161,65,12,1,25,24,21,1440.1,6424,1567,918,847,215,620,24,94,62,10,925
2005,"KCR",162,56,106,5.559197015831992,605,162,51,4,0,25,55,18,1413.1,6370,1640,935,873,178,580,33,74,69,9,924
2004,"TBD",161,70,91,4.820749116979835,562,161,61,3,0,35,46,10,1417,6261,1459,842,759,192,580,35,93,55,7,923
2008,"BAL",161,68,93,5.151895409886262,653,161,60,4,1,35,56,24,1422,6414,1538,869,814,184,687,44,80,72,7,922
2002,"COL",162,73,89,5.2107505847914135,668,162,69,1,0,43,78,16,1426.2,6345,1554,898,826,225,582,49,64,42,6,920
2002,"PIT",161,72,89,4.236670702780517,619,161,73,2,1,47,96,19,1412.2,6131,1447,730,665,163,572,93,55,34,5,920
2009,"PIT",161,62,99,4.594122757141043,617,161,84,5,2,28,62,17,1418.1,6144,1491,768,724,152,563,37,47,52,3,919
2009,"WSN",162,59,103,5.017085103115112,694,162,63,6,1,33,62,25,1424.1,6349,1533,874,794,173,629,59,48,74,5,911
2002,"KCR",162,62,100,5.208884002733759,583,162,65,12,4,30,40,24,1441,6386,1587,891,834,212,572,48,52,68,6,909
2003,"NYM",161,66,95,4.4957552363585265,573,161,82,3,3,38,59,15,1413.1,6204,1497,754,706,168,576,71,45,45,7,907
2005,"DET",162,71,91,4.519850624187544,587,162,78,7,0,37,56,20,1435.2,6139,1504,787,721,193,461,33,51,53,5,907
2006,"KCR",162,62,100,5.672584089766368,635,162,47,3,2,35,66,31,1426.1,6434,1648,971,899,213,637,45,60,85,9,904
2005,"SEA",162,69,93,4.488441082043618,595,162,76,6,2,39,73,20,1427.2,6172,1483,751,712,179,496,32,57,36,4,892
2004,"KCR",162,58,104,5.164281494374522,571,162,63,6,2,25,48,22,1420.1,6320,1638,905,815,208,518,49,56,60,10,887
2003,"TBD",162,63,99,4.930161297550351,534,162,63,7,3,30,56,25,1436.2,6340,1454,852,787,196,639,37,95,65,9,877
2003,"COL",162,74,88,5.235211900481468,662,162,68,3,0,34,76,20,1420,6364,1629,892,826,200,552,51,84,48,8,866
2003,"KCR",162,83,79,5.067193396708752,570,162,62,7,3,36,62,28,1438.2,6366,1569,867,810,190,566,33,66,60,9,865
2002,"DET",161,55,106,4.939176990996017,533,161,74,11,4,33,32,21,1414,6215,1593,864,776,163,463,34,62,59,8,794
2003,"DET",162,43,119,5.317424072274408,613,162,65,3,0,27,44,19,1438.2,6376,1616,928,850,195,557,35,56,52,5,764
2020,"CLE",60,35,25,3.2910447413519637,241,60,37,1,0,20,35,7,536,2176,440,209,196,68,157,8,27,20,1,621
2020,"CIN",60,31,29,3.8928574701885457,228,60,26,3,2,9,25,7,504,2125,401,243,218,67,213,6,29,23,5,615
2020,"MIL",60,29,31,4.175258219425864,249,60,15,1,0,14,20,8,517.1,2186,446,264,240,67,189,1,35,21,2,614
2020,"NYM",60,26,34,5.014285673141922,257,60,17,0,0,11,28,7,513.1,2262,511,308,286,81,219,7,29,24,0,574
2020,"SDP",60,37,23,3.874439461809438,278,60,22,1,1,13,39,11,520.1,2160,456,241,224,70,170,2,22,19,3,565
2020,"TBR",60,40,20,3.5647506846489714,279,60,7,0,0,23,38,6,527.2,2212,475,229,209,70,168,4,29,30,1,552
2020,"BOS",60,24,36,5.582062883088685,292,60,9,0,0,14,37,11,524,2389,587,351,325,98,252,4,31,27,3,537
2020,"PIT",60,19,41,4.68421087899039,269,60,9,1,0,6,22,12,513,2227,451,298,267,80,249,3,37,28,2,536
2020,"MIN",60,36,24,3.576622194632748,262,60,16,0,0,17,49,9,513.1,2130,448,215,204,62,170,0,21,20,1,535
2020,"PHI",60,28,32,5.197184211791761,249,60,20,3,2,11,26,12,497,2197,550,311,287,80,185,12,28,14,3,532
2020,"NYY",60,33,27,4.350198964443783,234,60,18,2,1,14,15,9,500.2,2133,455,270,242,83,168,5,25,22,2,528
2020,"HOU",60,29,31,4.311069575659068,253,60,25,0,0,16,27,13,524,2239,472,275,251,70,217,7,29,25,4,526
2020,"ARI",60,25,35,4.844373203060999,260,60,13,0,0,13,19,9,518.1,2279,506,295,279,93,235,20,23,23,1,524
2020,"LAA",60,26,34,5.088197573123585,288,60,15,1,0,12,20,14,525.1,2256,492,321,297,82,199,8,21,25,1,523
2020,"CHW",60,35,25,3.808350882818708,284,60,19,1,1,13,29,9,527,2235,448,246,223,71,217,6,23,24,0,523
2020,"CHC",60,34,26,3.993569732661462,248,60,30,2,2,16,24,5,518.1,2153,451,240,230,74,182,7,17,22,4,523
2020,"TOR",60,32,28,4.631511802638328,286,60,11,0,0,17,31,11,524.2,2309,517,312,270,81,250,7,14,15,2,519
2020,"KCR",60,26,34,4.299806952903462,292,60,11,1,1,19,29,1,517,2233,500,272,247,76,211,7,29,28,3,517
2020,"LAD",60,43,17,3.0241343562674783,309,60,18,0,0,15,45,9,538.2,2172,424,213,181,66,145,4,21,24,0,517
2020,"WSN",60,26,34,5.092652629300514,262,60,16,2,0,12,39,9,503.2,2273,548,301,285,94,216,22,22,23,4,508
2020,"OAK",60,36,24,3.7723166259901024,241,60,19,1,1,17,32,4,515.1,2164,471,232,216,69,165,6,15,16,1,506
2020,"ATL",60,35,25,4.462809940100168,288,60,13,0,0,13,30,6,524.1,2276,494,288,260,69,220,13,33,23,2,506
2020,"TEX",60,22,38,5.016774666197759,264,60,17,2,1,10,15,9,516.2,2273,479,312,288,81,236,3,30,21,2,489
2020,"SFG",60,29,31,4.6419843042814435,296,60,11,1,0,13,42,10,517.2,2240,474,297,267,69,210,2,34,20,5,488
2020,"BAL",60,25,35,4.5115691204877795,267,60,10,0,0,11,31,7,518.2,2246,489,294,260,79,192,2,34,35,4,487
2020,"SEA",60,27,33,5.034192754579845,249,60,25,1,0,15,28,8,516.2,2249,482,303,289,79,230,7,37,24,1,469
2020,"STL",58,30,28,3.9196611080498833,234,58,18,2,0,13,17,5,473,1989,376,229,206,69,204,8,26,21,1,464
2020,"MIA",60,31,29,4.857144161366496,275,60,16,1,0,18,25,4,504,2214,506,304,272,82,226,14,26,11,4,451
2020,"DET",58,23,35,5.630331405804693,276,58,9,1,0,11,25,8,492.1,2174,511,318,308,91,192,2,34,18,0,444
2020,"COL",60,26,34,5.591512575424778,249,60,28,1,0,16,20,8,526.1,2335,579,353,327,83,205,5,40,29,1,393